代码,简称,日期,前收盘价(元),开盘价(元),最高价(元),最低价(元),收盘价(元),成交量(股),成交金额(元),涨跌(元),涨跌幅(%),均价(元),
601318.SH,中国平安,2016-01-04,36,35.84,35.84,33.9,34.05,70997199,2468127284,-1.95,-5.4167,34.7637,
601318.SH,中国平安,2016-01-05,34.05,33.68,34.81,33.5,34.5,87498507,3002728330,0.45,1.3216,34.3175,
601318.SH,中国平安,2016-01-06,34.5,34.3,34.66,34,34.53,48012110,1648967873,0.03,0.087,34.3448,
601318.SH,中国平安,2016-01-07,34.53,34,34.52,33,33.77,23647605,796250794,-0.76,-2.201,33.6715,
601318.SH,中国平安,2016-01-08,33.77,34,34.45,32.9,33.94,98239660,3319542172,0.17,0.5034,33.7902,
601318.SH,中国平安,2016-01-11,33.94,33,33.33,32,32.03,99355700,3259413147,-1.91,-5.6276,32.8055,
601318.SH,中国平安,2016-01-12,32.03,32.27,32.56,31.82,32.21,74380914,2393261862,0.18,0.562,32.1758,
601318.SH,中国平安,2016-01-13,32.21,32.77,32.78,31.85,31.99,62533019,2021310637,-0.22,-0.683,32.3239,
601318.SH,中国平安,2016-01-14,31.99,30.9,32.06,30.8,31.99,79722712,2501041139,0,0,31.3718,
601318.SH,中国平安,2016-01-15,31.99,31.64,31.87,30.9,31.2,59140260,1852786053,-0.79,-2.4695,31.3287,
601318.SH,中国平安,2016-01-18,31.2,30.73,31.27,30.59,31.07,48369367,1499292425,-0.13,-0.4167,30.9967,
601318.SH,中国平安,2016-01-19,31.07,31.22,31.68,30.75,31.51,67392536,2110985238,0.44,1.4162,31.3237,
601318.SH,中国平安,2016-01-20,31.51,31.22,31.45,30.29,30.53,100704268,3093888706,-0.98,-3.1101,30.7225,
601318.SH,中国平安,2016-01-21,30.53,30.37,30.81,29.87,30.15,68190102,2062908473,-0.38,-1.2447,30.2523,
601318.SH,中国平安,2016-01-22,30.15,30.37,30.49,29.68,30.22,49310407,1483455593,0.07,0.2322,30.084,
601318.SH,中国平安,2016-01-25,30.22,30.29,30.36,29.89,30.26,37474472,1128901679,0.04,0.1324,30.1246,
601318.SH,中国平安,2016-01-26,30.26,29.91,30.1,28.98,29.23,76680981,2257692347,-1.03,-3.4038,29.4427,
601318.SH,中国平安,2016-01-27,29.23,29.35,29.48,28.8,29.22,70385326,2053855399,-0.01,-0.0342,29.1802,
601318.SH,中国平安,2016-01-28,29.22,29.2,29.61,28.77,29.3,48441759,1415213671,0.08,0.2738,29.2147,
601318.SH,中国平安,2016-01-29,29.3,29.2,30.38,29.12,30.18,64439144,1926485785,0.88,3.0034,29.8962,
601318.SH,中国平安,2016-02-01,30.18,30.16,30.16,29.31,29.53,34048457,1010608899,-0.65,-2.1537,29.6815,
601318.SH,中国平安,2016-02-02,29.53,29.53,30.1,29.5,29.97,37513430,1121692994,0.44,1.49,29.9011,
601318.SH,中国平安,2016-02-03,29.97,29.5,29.8,29.1,29.64,39035211,1146446853,-0.33,-1.1011,29.3696,
601318.SH,中国平安,2016-02-04,29.64,29.77,30.06,29.49,29.71,36657042,1092202369,0.07,0.2362,29.7952,
601318.SH,中国平安,2016-02-05,29.71,29.7,30,29.61,29.66,33330201,993430369,-0.05,-0.1683,29.8057,
601318.SH,中国平安,2016-02-15,29.66,28.7,29.79,28.62,29.43,43993725,1285788947,-0.23,-0.7755,29.2266,
601318.SH,中国平安,2016-02-16,29.43,29.55,30.32,29.46,30.12,39757869,1196447896,0.69,2.3445,30.0934,
601318.SH,中国平安,2016-02-17,30.12,30.13,30.33,29.92,30.04,46163466,1391102854,-0.08,-0.2656,30.1343,
601318.SH,中国平安,2016-02-18,30.04,30.28,30.49,29.8,29.91,48458572,1463151186,-0.13,-0.4328,30.1939,
601318.SH,中国平安,2016-02-19,29.91,29.91,30.15,29.73,29.92,26092199,780758760,0.01,0.0334,29.9231,
601318.SH,中国平安,2016-02-22,29.92,30.28,31.65,30.03,30.97,78908600,2431155402,1.05,3.5094,30.8098,
601318.SH,中国平安,2016-02-23,30.97,30.96,30.97,30.24,30.5,43458444,1328534703,-0.47,-1.5176,30.5702,
601318.SH,中国平安,2016-02-24,30.5,30.3,30.6,30.03,30.41,30491050,923163841,-0.09,-0.2951,30.2766,
601318.SH,中国平安,2016-02-25,30.41,30.37,30.37,28.86,28.96,59059774,1748561034,-1.45,-4.7682,29.6066,
601318.SH,中国平安,2016-02-26,28.96,29.33,29.4,28.94,29.1,33211134,969727466,0.14,0.4834,29.1989,
601318.SH,中国平安,2016-02-29,29.1,29.05,29.15,27.81,29.01,66763176,1905354124,-0.09,-0.3093,28.539,
601318.SH,中国平安,2016-03-01,29.01,28.9,29.69,28.56,29.26,40682753,1182768077,0.25,0.8618,29.073,
601318.SH,中国平安,2016-03-02,29.26,29.35,30.3,29.35,30.18,62335409,1866957711,0.92,3.1442,29.9502,
601318.SH,中国平安,2016-03-03,30.18,30.25,30.49,29.98,30.38,53494887,1617317668,0.2,0.6627,30.2331,
601318.SH,中国平安,2016-03-04,30.38,30.28,31.6,30.13,31.55,178976573,5572673517,1.17,3.8512,31.1363,
601318.SH,中国平安,2016-03-07,31.55,31.38,31.58,30.81,31.05,54440341,1695365205,-0.5,-1.5848,31.1417,
601318.SH,中国平安,2016-03-08,31.05,30.98,31.35,29.99,31.3,67391212,2063557424,0.25,0.8052,30.6206,
601318.SH,中国平安,2016-03-09,31.3,30.82,31.45,30.26,31.38,80090596,2476074423,0.08,0.2556,30.9159,
601318.SH,中国平安,2016-03-10,31.38,30.98,31.29,30.7,30.74,33110889,1024457375,-0.64,-2.0395,30.9402,
601318.SH,中国平安,2016-03-11,30.74,30.57,31.1,30.47,31.04,35792982,1104131773,0.3,0.9759,30.8477,
601318.SH,中国平安,2016-03-14,31.04,30.99,31.57,30.9,31.11,55579715,1737635744,0.07,0.2255,31.2638,
601318.SH,中国平安,2016-03-15,31.11,31.05,31.49,30.65,31.36,61981843,1934428492,0.25,0.8036,31.2096,
601318.SH,中国平安,2016-03-16,31.36,31.1,32.26,31.05,32.13,159647657,5110207477,0.77,2.4554,32.0093,
601318.SH,中国平安,2016-03-17,32.13,32.1,32.37,31.88,32,57078597,1831613492,-0.13,-0.4046,32.0893,
601318.SH,中国平安,2016-03-18,32,32.32,32.42,31.88,32.12,87408324,2814665234,0.12,0.375,32.2013,
601318.SH,中国平安,2016-03-21,32.12,32.39,33.8,32.24,32.83,113879011,3765399061,0.71,2.2105,33.0649,
601318.SH,中国平安,2016-03-22,32.83,32.65,33.04,32,32.1,60362722,1955171899,-0.73,-2.2236,32.3904,
601318.SH,中国平安,2016-03-23,32.1,32.29,32.76,32.08,32.26,36047297,1165680600,0.16,0.4984,32.3375,
601318.SH,中国平安,2016-03-24,32.26,32.07,32.09,31.75,31.8,35109688,1119205604,-0.46,-1.4259,31.8774,
601318.SH,中国平安,2016-03-25,31.8,31.81,32.8,31.64,32.06,35717568,1148277641,0.26,0.8176,32.1488,
601318.SH,中国平安,2016-03-28,32.06,32.1,32.35,31.35,31.46,37797307,1202848138,-0.6,-1.8715,31.8236,
601318.SH,中国平安,2016-03-29,31.46,31.61,31.76,31.14,31.25,34128188,1072037062,-0.21,-0.6675,31.4121,
601318.SH,中国平安,2016-03-30,31.25,31.6,32.06,31.52,31.99,43205823,1375893943,0.74,2.368,31.8451,
601318.SH,中国平安,2016-03-31,31.99,32.09,32.18,31.71,31.81,29797952,951119691,-0.18,-0.5627,31.919,
601318.SH,中国平安,2016-04-01,31.81,31.83,31.96,31.21,31.92,38552936,1221251115,0.11,0.3458,31.6773,
601318.SH,中国平安,2016-04-05,31.92,31.7,32.2,31.5,32,42978997,1370034029,0.08,0.2506,31.8768,
601318.SH,中国平安,2016-04-06,32,31.78,31.96,31.64,31.74,27232796,865676880,-0.26,-0.8125,31.788,
601318.SH,中国平安,2016-04-07,31.74,31.89,31.96,31.36,31.37,36211146,1139929927,-0.37,-1.1657,31.4801,
601318.SH,中国平安,2016-04-08,31.37,31.2,31.27,31.04,31.16,36175893,1126007857,-0.21,-0.6694,31.1259,
601318.SH,中国平安,2016-04-11,31.16,31.32,31.84,31.32,31.51,35165894,1110979400,0.35,1.1232,31.5925,
601318.SH,中国平安,2016-04-12,31.51,31.49,31.75,31.4,31.55,21968838,693090526,0.04,0.1269,31.5488,
601318.SH,中国平安,2016-04-13,31.55,31.8,32.26,31.72,31.91,75568173,2423542993,0.36,1.141,32.0709,
601318.SH,中国平安,2016-04-14,31.91,32.08,32.38,31.88,32.02,42270343,1356507308,0.11,0.3447,32.0912,
601318.SH,中国平安,2016-04-15,32.02,32.03,32.1,31.88,31.99,53566943,1712994981,-0.03,-0.0937,31.9786,
601318.SH,中国平安,2016-04-18,31.99,31.8,32.09,31.51,31.79,56266307,1794611327,-0.2,-0.6252,31.895,
601318.SH,中国平安,2016-04-19,31.79,32,32.04,31.75,31.93,47555191,1516349052,0.14,0.4404,31.8861,
601318.SH,中国平安,2016-04-20,31.93,31.94,32.25,31.11,32.21,119379681,3800706457,0.28,0.8769,31.8371,
601318.SH,中国平安,2016-04-21,32.21,31.94,32.5,31.86,32.22,65119594,2098390473,0.01,0.031,32.2236,
601318.SH,中国平安,2016-04-22,32.22,32,32.55,31.88,32.42,43078020,1393530946,0.2,0.6207,32.349,
601318.SH,中国平安,2016-04-25,32.42,32.3,32.5,31.97,32.32,30729800,991754406,-0.1,-0.3085,32.2734,
601318.SH,中国平安,2016-04-26,32.32,32.32,32.53,32.21,32.39,30804864,995628147,0.07,0.2166,32.3205,
601318.SH,中国平安,2016-04-27,32.39,32.57,32.62,32.21,32.26,32926140,1068295658,-0.13,-0.4014,32.4452,
601318.SH,中国平安,2016-04-28,32.26,32.26,32.38,32.01,32.19,22743653,732724442,-0.07,-0.217,32.2167,
601318.SH,中国平安,2016-04-29,32.19,32.09,32.4,31.95,32.04,25951148,834574467,-0.15,-0.466,32.1594,
601318.SH,中国平安,2016-05-03,32.04,32.01,32.43,31.86,31.91,50917961,1635287966,-0.13,-0.4057,32.1161,
601318.SH,中国平安,2016-05-04,31.91,31.93,32.03,31.89,31.93,26426416,844057427,0.02,0.0627,31.9399,
601318.SH,中国平安,2016-05-05,31.93,31.93,32.05,31.87,31.95,21140060,675334533,0.02,0.0626,31.9457,
601318.SH,中国平安,2016-05-06,31.95,32,32.01,31.39,31.4,49181874,1559939770,-0.55,-1.7214,31.7178,
601318.SH,中国平安,2016-05-09,31.4,31.39,31.4,31.05,31.16,49046546,1533979364,-0.24,-0.7643,31.276,
601318.SH,中国平安,2016-05-10,31.16,31.08,31.26,31.02,31.19,27645278,861819327,0.03,0.0963,31.1742,
601318.SH,中国平安,2016-05-11,31.19,31.24,31.37,31.16,31.25,27763942,867490738,0.06,0.1924,31.2452,
601318.SH,中国平安,2016-05-12,31.25,31.2,31.85,30.95,31.71,56869642,1792517804,0.46,1.472,31.5198,
601318.SH,中国平安,2016-05-13,31.71,31.55,31.85,31.49,31.72,39265080,1246185692,0.01,0.0315,31.7378,
601318.SH,中国平安,2016-05-16,31.72,31.56,31.7,31.51,31.61,24118291,762062338,-0.11,-0.3468,31.5969,
601318.SH,中国平安,2016-05-17,31.61,31.6,31.65,31.45,31.51,20691674,652435941,-0.1,-0.3164,31.5313,
601318.SH,中国平安,2016-05-18,31.51,31.41,31.89,31.37,31.81,60201782,1907811594,0.3,0.9521,31.6903,
601318.SH,中国平安,2016-05-19,31.81,31.71,31.9,31.7,31.83,28517053,906817502,0.02,0.0629,31.7991,
601318.SH,中国平安,2016-05-20,31.83,31.82,31.97,31.72,31.82,17539236,558615496,-0.01,-0.0314,31.8495,
601318.SH,中国平安,2016-05-23,31.82,31.76,31.96,31.71,31.83,27738544,883239656,0.01,0.0314,31.8416,
601318.SH,中国平安,2016-05-24,31.83,31.72,31.83,31.5,31.64,18552099,586424040,-0.19,-0.5969,31.6096,
601318.SH,中国平安,2016-05-25,31.64,31.83,31.88,31.59,31.61,13712500,435270022,-0.03,-0.0948,31.7426,
601318.SH,中国平安,2016-05-26,31.61,31.61,31.79,31.5,31.63,20356139,643568207,0.02,0.0633,31.6154,
601318.SH,中国平安,2016-05-27,31.63,31.7,31.71,31.58,31.6,14098751,445752176,-0.03,-0.0948,31.6164,
601318.SH,中国平安,2016-05-30,31.6,31.75,31.94,31.5,31.91,22097500,702233594,0.31,0.981,31.7789,
601318.SH,中国平安,2016-05-31,31.91,31.94,33.5,31.94,32.72,75882589,2494611164,0.81,2.5384,32.8746,
601318.SH,中国平安,2016-06-01,32.72,32.69,32.82,32.25,32.29,42343352,1375741830,-0.43,-1.3142,32.4901,
601318.SH,中国平安,2016-06-02,32.29,32.31,32.5,32.1,32.21,28989196,934538932,-0.08,-0.2478,32.2375,
601318.SH,中国平安,2016-06-03,32.21,32.45,32.45,32.02,32.34,35163822,1132898069,0.13,0.4036,32.2177,
601318.SH,中国平安,2016-06-06,32.34,32.4,32.45,32.05,32.11,23686984,763007281,-0.23,-0.7112,32.2121,
601318.SH,中国平安,2016-06-07,32.11,32.22,32.24,32.08,32.14,23960661,770372456,0.03,0.0934,32.1516,
601318.SH,中国平安,2016-06-08,32.14,32.12,32.23,32.02,32.15,26460999,849574216,0.01,0.0311,32.1067,
601318.SH,中国平安,2016-06-13,32.15,31.95,32.03,31.7,31.8,47023964,1501822510,-0.35,-1.0886,31.9374,
601318.SH,中国平安,2016-06-14,31.8,31.69,32.02,31.5,31.98,35573877,1133505414,0.18,0.566,31.8634,
601318.SH,中国平安,2016-06-15,31.98,31.62,32.08,31.61,31.98,38314316,1221903684,0,0,31.8916,
601318.SH,中国平安,2016-06-16,31.98,31.83,32.12,31.83,31.97,32940156,1053956473,-0.01,-0.0313,31.9961,
601318.SH,中国平安,2016-06-17,31.97,31.97,32.19,31.92,31.98,29510558,946009814,0.01,0.0313,32.0567,
601318.SH,中国平安,2016-06-20,31.98,32.2,32.2,31.97,32.12,25713526,823482129,0.14,0.4378,32.0253,
601318.SH,中国平安,2016-06-21,32.12,32.18,32.48,32.01,32.06,22864166,736611582,-0.06,-0.1868,32.2169,
601318.SH,中国平安,2016-06-22,32.06,32.05,32.15,31.97,32.08,16359312,524609225,0.02,0.0624,32.0679,
601318.SH,中国平安,2016-06-23,32.08,32.09,32.14,31.97,32,25361741,812060934,-0.08,-0.2494,32.0191,
601318.SH,中国平安,2016-06-24,32,31.98,32.13,31.21,31.55,42936222,1362051847,-0.45,-1.4062,31.7227,
601318.SH,中国平安,2016-06-27,31.55,31.5,31.74,31.45,31.68,23863950,754744913,0.13,0.412,31.627,
601318.SH,中国平安,2016-06-28,31.68,31.57,31.86,31.46,31.85,23766593,752102130,0.17,0.5366,31.6453,
601318.SH,中国平安,2016-06-29,31.85,31.9,32.18,31.85,32.16,26351146,843595384,0.31,0.9733,32.0136,
601318.SH,中国平安,2016-06-30,32.16,32.17,32.3,32.01,32.04,17779547,570756950,-0.12,-0.3731,32.1019,
601318.SH,中国平安,2016-07-01,32.04,32.14,32.28,32.06,32.18,18235058,586600866,0.14,0.437,32.1689,
601318.SH,中国平安,2016-07-04,32.18,32.12,32.66,32.06,32.44,40321889,1308665342,0.26,0.808,32.4555,
601318.SH,中国平安,2016-07-05,32.44,32.2,32.25,32,32.07,22093835,708723117,-0.37,-0.0623,32.0779,
601318.SH,中国平安,2016-07-06,32.07,32,32.08,31.8,31.99,24949967,795789559,-0.08,-0.2495,31.8954,
601318.SH,中国平安,2016-07-07,31.99,31.95,31.99,31.8,31.95,22363060,712756092,-0.04,-0.125,31.872,
601318.SH,中国平安,2016-07-08,31.95,31.95,31.96,31.76,31.78,19295029,613694890,-0.17,-0.5321,31.8059,
601318.SH,中国平安,2016-07-11,31.78,31.81,31.97,31.76,31.79,23128423,737189871,0.01,0.0315,31.8738,
601318.SH,中国平安,2016-07-12,31.79,31.81,32.46,31.8,32.41,42598577,1370988825,0.62,1.9503,32.1839,
601318.SH,中国平安,2016-07-13,32.41,32.6,32.8,32.3,32.46,42203460,1373499797,0.05,0.1543,32.5447,
601318.SH,中国平安,2016-07-14,32.46,32.44,32.5,32.29,32.49,20651738,668453802,0.03,0.0924,32.3679,
601318.SH,中国平安,2016-07-15,32.49,32.5,32.7,32.42,32.59,35206349,1146376131,0.1,0.3078,32.5616,
601318.SH,中国平安,2016-07-18,32.59,32.67,33,32.62,32.69,38033581,1247791265,0.1,0.3068,32.8076,
601318.SH,中国平安,2016-07-19,32.69,32.69,32.69,32.21,32.38,26362017,853931060,-0.31,-0.9483,32.3925,
601318.SH,中国平安,2016-07-20,32.38,32.42,32.45,32.13,32.31,18557332,599404450,-0.07,-0.2162,32.3001,
601318.SH,中国平安,2016-07-21,32.31,32.31,32.65,32.31,32.55,24834404,807123491,0.24,0.7428,32.5002,
601318.SH,中国平安,2016-07-22,32.55,32.5,32.54,32.23,32.3,21162492,685426388,-0.25,-0.768,32.3887,
601318.SH,中国平安,2016-07-25,32.3,32.3,32.4,32.22,32.3,17490184,565477113,0,0,32.3311,
601318.SH,中国平安,2016-07-26,32.3,32.3,32.64,32.25,32.52,40607690,1315811002,0.22,0.6811,32.403,
601318.SH,中国平安,2016-07-27,32.52,32.55,32.8,31.83,32.79,80288281,2601958941,0.27,0.8303,32.4077,
601318.SH,中国平安,2016-07-28,32.79,32.53,32.68,32.41,32.45,28491225,927273007,-0.34,-1.0369,32.5459,
601318.SH,中国平安,2016-07-29,32.45,32.49,32.6,32.31,32.37,22929963,744105405,-0.08,-0.2465,32.4512,
601318.SH,中国平安,2016-08-01,32.37,32.3,32.4,32.2,32.28,22213897,717235907,-0.09,-0.278,32.2877,
601318.SH,中国平安,2016-08-02,32.28,32.3,32.38,32.2,32.28,17685932,570712739,0,0,32.2693,
601318.SH,中国平安,2016-08-03,32.28,32.13,32.28,32.1,32.18,18652513,600429970,-0.1,-0.3098,32.1903,
601318.SH,中国平安,2016-08-04,32.18,32.18,32.2,32.01,32.15,20772929,666430065,-0.03,-0.0932,32.0817,
601318.SH,中国平安,2016-08-05,32.15,32.16,32.25,32.11,32.18,27213137,875728864,0.03,0.0933,32.1804,
601318.SH,中国平安,2016-08-08,32.18,32.23,32.3,32.1,32.27,30356935,978456142,0.09,0.2797,32.2317,
601318.SH,中国平安,2016-08-09,32.27,32.33,32.66,32.33,32.54,41065840,1334273438,0.27,0.8367,32.4911,
601318.SH,中国平安,2016-08-10,32.54,32.55,32.78,32.52,32.54,34781458,1134553583,0,0,32.6195,
601318.SH,中国平安,2016-08-11,32.54,32.5,33.4,32.5,32.79,77933585,2572039045,0.25,0.7683,33.003,
601318.SH,中国平安,2016-08-12,32.79,32.81,33.5,32.76,33.48,69438198,2300089390,0.69,2.1043,33.1243,
601318.SH,中国平安,2016-08-15,33.48,33.55,35.23,33.48,34.56,122157230,4208217327,1.08,3.2258,34.4492,
601318.SH,中国平安,2016-08-16,34.56,34.8,34.92,33.89,33.92,91604428,3137874791,-0.64,-1.8519,34.2546,
601318.SH,中国平安,2016-08-17,33.92,34.05,34.13,33.68,33.97,42967525,1457681731,0.05,0.1474,33.9252,
601318.SH,中国平安,2016-08-18,33.97,34.3,34.9,34.13,34.43,85035533,2938789957,0.46,1.3541,34.5596,
601318.SH,中国平安,2016-08-19,34.43,34.48,34.66,34.17,34.52,35481775,1221887628,0.09,0.2614,34.437,
601318.SH,中国平安,2016-08-22,34.52,34.61,34.68,34.23,34.46,31956946,1100976011,-0.06,-0.1738,34.4519,
601318.SH,中国平安,2016-08-23,34.46,34.42,35.18,34.42,34.84,55894872,1946633401,0.38,1.1027,34.8267,
601318.SH,中国平安,2016-08-24,34.84,34.89,34.92,34.31,34.33,37369379,1289666914,-0.51,-1.4638,34.5113,
601318.SH,中国平安,2016-08-25,34.33,34.01,34.16,33.8,34.09,38835272,1319356026,-0.24,-0.6991,33.9731,
601318.SH,中国平安,2016-08-26,34.09,34.16,34.41,34.04,34.09,21051990,720707377,0,0,34.2346,
601318.SH,中国平安,2016-08-29,34.09,34.01,34.31,33.72,34.26,23735599,807731243,0.17,0.4987,34.0304,
601318.SH,中国平安,2016-08-30,34.26,34.28,34.46,34.06,34.21,30022326,1028897886,-0.05,-0.1459,34.2711,
601318.SH,中国平安,2016-08-31,34.21,34.19,34.38,34.03,34.22,19265567,659454538,0.01,0.0292,34.2297,
601318.SH,中国平安,2016-09-01,34.22,34.21,34.54,34.16,34.37,24342696,836324257,0.15,0.4383,34.3563,
601318.SH,中国平安,2016-09-02,34.37,34.34,34.89,34.23,34.86,51030170,1766218364,0.49,1.4257,34.6113,
601318.SH,中国平安,2016-09-05,34.86,34.69,34.95,34.5,34.76,40332699,1401611045,-0.1,0.2885,34.7512,
601318.SH,中国平安,2016-09-06,34.76,34.72,35.43,34.64,35.14,56432581,1979904973,0.38,1.0932,35.0844,
601318.SH,中国平安,2016-09-07,35.14,35.19,35.67,35.18,35.21,47062029,1667528062,0.07,0.1992,35.4326,
601318.SH,中国平安,2016-09-08,35.21,35.2,35.58,35.13,35.38,33539618,1185177579,0.17,0.4828,35.3366,
601318.SH,中国平安,2016-09-09,35.38,35.43,35.84,35.28,35.46,44040730,1566197985,0.08,0.2261,35.5625,
601318.SH,中国平安,2016-09-12,35.46,34.91,35.15,34.2,35.12,86602441,3013336339,-0.34,-0.9588,34.7951,
601318.SH,中国平安,2016-09-13,35.12,34.98,34.98,34.4,34.72,31744459,1101218251,-0.4,-1.139,34.6901,
601318.SH,中国平安,2016-09-14,34.72,34.5,34.6,34.17,34.3,35213691,1209854981,-0.42,-1.2097,34.3575,
601318.SH,中国平安,2016-09-19,34.3,34.4,35.12,34.4,34.97,37266601,1299423507,0.67,1.9534,34.8683,
601318.SH,中国平安,2016-09-20,34.97,34.97,34.97,34.8,34.85,14666356,511357129,-0.12,-0.3432,34.866,
601318.SH,中国平安,2016-09-21,34.85,34.89,34.98,34.48,34.67,35247928,1221792400,-0.18,-0.5165,34.6628,
601318.SH,中国平安,2016-09-22,34.67,34.81,35.37,34.81,35.01,54132989,1900551187,0.34,0.9807,35.1089,
601318.SH,中国平安,2016-09-23,35.01,35.05,35.2,34.72,34.89,31439120,1098490198,-0.12,-0.3428,34.9402,
601318.SH,中国平安,2016-09-26,34.89,34.76,34.78,34.33,34.38,32852645,1136732880,-0.51,-1.4617,34.601,
601318.SH,中国平安,2016-09-27,34.38,34.23,34.4,34.19,34.36,45825170,1570164477,-0.02,-0.0582,34.2642,
601318.SH,中国平安,2016-09-28,34.36,34.38,34.38,34.12,34.14,31733236,1085617191,-0.22,-0.6403,34.2107,
601318.SH,中国平安,2016-09-29,34.14,34.25,34.44,34.15,34.19,23086975,791168926,0.05,0.1465,34.2691,
601318.SH,中国平安,2016-09-30,34.19,34.1,34.27,34.06,34.16,19403198,663564710,-0.03,-0.0877,34.1987,
601318.SH,中国平安,2016-10-10,34.16,34.46,34.8,34.3,34.6,34119412,1178163526,0.44,1.2881,34.5306,
601318.SH,中国平安,2016-10-11,34.6,34.62,34.75,34.25,34.38,49375218,1701605543,-0.22,-0.6358,34.4627,
601318.SH,中国平安,2016-10-12,34.38,34.26,34.44,34.2,34.3,30854074,1058073370,-0.08,-0.2327,34.2928,
601318.SH,中国平安,2016-10-13,34.3,34.22,34.32,34.01,34.12,34546745,1179218576,-0.18,-0.5248,34.134,
601318.SH,中国平安,2016-10-14,34.12,34.13,34.18,34.05,34.11,23156048,789617892,-0.01,-0.0293,34.0999,
601318.SH,中国平安,2016-10-17,34.11,34.12,34.18,33.88,33.94,30921443,1051714363,-0.17,-0.4984,34.0125,
601318.SH,中国平安,2016-10-18,33.94,33.88,34.29,33.88,34.2,28336027,967199042,0.26,0.7661,34.1332,
601318.SH,中国平安,2016-10-19,34.2,34.24,34.27,34.1,34.12,20515200,700734096,-0.08,-0.2339,34.1568,
601318.SH,中国平安,2016-10-20,34.12,34.16,34.24,34.11,34.14,12768281,436313660,0.02,0.0586,34.1717,
601318.SH,中国平安,2016-10-21,34.14,34.12,34.28,34.05,34.22,28003163,955961700,0.08,0.2343,34.1376,
601318.SH,中国平安,2016-10-24,34.22,34.22,34.79,34.15,34.49,42090949,1451824779,0.27,0.789,34.4926,
601318.SH,中国平安,2016-10-25,34.49,34.56,34.62,34.4,34.55,23971961,826719816,0.06,0.174,34.4869,
601318.SH,中国平安,2016-10-26,34.55,34.56,34.64,34.39,34.42,19737703,680587630,-0.13,-0.3763,34.4816,
601318.SH,中国平安,2016-10-27,34.42,34.42,34.43,34.1,34.19,21764326,744556017,-0.23,-0.6682,34.2099,
601318.SH,中国平安,2016-10-28,34.19,34.4,34.73,34.36,34.53,32514938,1123315941,0.34,0.9944,34.5477,
601318.SH,中国平安,2016-10-31,34.53,34.4,34.65,34.2,34.61,23435296,808674419,0.08,0.2317,34.5067,
601318.SH,中国平安,2016-11-01,34.61,34.63,35.1,34.5,35.06,36719126,1282156408,0.45,1.3002,34.9179,
601318.SH,中国平安,2016-11-02,35.06,34.89,34.98,34.54,34.61,25676031,892639555,-0.45,-1.2835,34.7655,
601318.SH,中国平安,2016-11-03,34.61,34.59,35.09,34.52,34.97,40514435,1412764012,0.36,1.0402,34.8706,
601318.SH,中国平安,2016-11-04,34.97,34.88,35.16,34.87,34.93,26447974,925529772,-0.04,-0.1144,34.9944,
601318.SH,中国平安,2016-11-07,34.93,34.98,35.05,34.88,34.99,21516692,752624552,0.06,0.1718,34.9786,
601318.SH,中国平安,2016-11-08,34.99,35.11,35.18,34.88,35,28683168,1005144719,0.01,0.0286,35.043,
601318.SH,中国平安,2016-11-09,35,35,35.01,34.33,34.71,68834550,2389583084,-0.29,-0.8286,34.7149,
601318.SH,中国平安,2016-11-10,34.71,34.92,35.2,34.85,34.94,35280334,1235297816,0.23,0.6626,35.0138,
601318.SH,中国平安,2016-11-11,34.94,34.95,35.24,34.86,34.99,52390695,1836030752,0.05,0.1431,35.045,
601318.SH,中国平安,2016-11-14,34.99,34.92,35.13,34.88,34.95,68357166,2393598916,-0.04,-0.1143,35.0161,
601318.SH,中国平安,2016-11-15,34.95,34.98,35.01,34.9,34.96,28690403,1002698055,0.01,0.0286,34.9489,
601318.SH,中国平安,2016-11-16,34.96,35,35.1,34.91,35.02,24386997,853899376,0.06,0.1716,35.0145,
601318.SH,中国平安,2016-11-17,35.02,34.99,35.02,34.8,35,23871563,835013724,-0.02,-0.0571,34.9794,
601318.SH,中国平安,2016-11-18,35,35,35.06,34.94,35.01,32069691,1122418018,0.01,0.0286,34.9993,
601318.SH,中国平安,2016-11-21,35.01,34.95,36.35,34.95,35.9,108903560,3918207061,0.89,2.5421,35.9787,
601318.SH,中国平安,2016-11-22,35.9,35.81,36.44,35.81,36.12,73702179,2668070771,0.22,0.6128,36.2007,
601318.SH,中国平安,2016-11-23,36.12,36.22,36.35,35.96,35.98,44013312,1589604839,-0.14,-0.3876,36.1165,
601318.SH,中国平安,2016-11-24,35.98,35.98,36.63,35.98,36.42,52076453,1891778690,0.44,1.2229,36.3269,
601318.SH,中国平安,2016-11-25,36.42,36.42,36.8,36.17,36.78,45833079,1670622682,0.36,0.9885,36.4502,
601318.SH,中国平安,2016-11-28,36.78,37.01,37.37,36.54,36.61,68897851,2545372847,-0.17,-0.4622,36.9442,
601318.SH,中国平安,2016-11-29,36.61,36.61,37.3,36.45,36.77,66538624,2455023676,0.16,0.437,36.8962,
601318.SH,中国平安,2016-11-30,36.77,36.81,37.09,36.23,36.33,50803984,1860542541,-0.44,-1.1966,36.622,
601318.SH,中国平安,2016-12-01,36.33,36.35,36.73,36.24,36.42,47438609,1728939212,0.09,0.2477,36.4458,
601318.SH,中国平安,2016-12-02,36.42,36.42,36.43,35.97,36.27,63371507,2290250433,-0.15,-0.4119,36.1401,
601318.SH,中国平安,2016-12-05,36.27,35.96,36.29,35.87,36.26,62209526,2244795953,-0.01,-0.0276,36.0844,
601318.SH,中国平安,2016-12-06,36.26,36.19,36.47,36.13,36.17,37612545,1365476594,-0.09,-0.2482,36.3038,
601318.SH,中国平安,2016-12-07,36.17,36.17,36.64,36.07,36.46,31067029,1127983993,0.29,0.8018,36.3081,
601318.SH,中国平安,2016-12-08,36.46,36.61,36.73,36.43,36.5,29516834,1079442252,0.04,0.1097,36.5704,
601318.SH,中国平安,2016-12-09,36.5,36.64,37.15,36.48,36.86,48703347,1793610602,0.36,0.9863,36.8273,
601318.SH,中国平安,2016-12-12,36.86,37.12,37.76,36.7,36.9,106934394,3969638952,0.04,0.1085,37.1222,
601318.SH,中国平安,2016-12-13,36.9,36.8,36.94,36.54,36.65,39559741,1452198317,-0.25,-0.6775,36.709,
601318.SH,中国平安,2016-12-14,36.65,36.63,37.5,36.61,37.03,58644985,2176302854,0.38,1.0368,37.1098,
601318.SH,中国平安,2016-12-15,37.03,36.78,36.89,35.43,35.6,78608340,2830157187,-1.43,-3.8617,36.0033,
601318.SH,中国平安,2016-12-16,35.6,35.46,35.77,35.4,35.48,34099443,1212632676,-0.12,-0.3371,35.5617,
601318.SH,中国平安,2016-12-19,35.48,35.48,35.6,35.31,35.4,29559617,1047994448,-0.08,-0.2255,35.4536,
601318.SH,中国平安,2016-12-20,35.4,35.42,35.45,34.45,34.66,62695062,2184834561,-0.74,-2.0904,34.8486,
601318.SH,中国平安,2016-12-21,34.66,34.85,35.05,34.61,34.74,37625980,1311462976,0.08,0.2308,34.8553,
601318.SH,中国平安,2016-12-22,34.74,34.66,34.93,34.4,34.77,29500931,1022385359,0.03,0.0864,34.656,
601318.SH,中国平安,2016-12-23,34.77,34.69,34.77,34.4,34.73,30192121,1045239275,-0.04,-0.115,34.6196,
601318.SH,中国平安,2016-12-26,34.73,34.55,35.16,34.35,35.12,35131252,1222688981,0.39,1.1229,34.8035,
601318.SH,中国平安,2016-12-27,35.12,35,35.34,34.98,35.26,21780273,767053567,0.14,0.3986,35.2178,
601318.SH,中国平安,2016-12-28,35.26,35.2,35.32,34.99,35.29,38631869,1356675449,0.03,0.0851,35.118,
601318.SH,中国平安,2016-12-29,35.29,35.15,35.29,35.03,35.13,29042037,1021548130,-0.16,-0.4534,35.1748,
601318.SH,中国平安,2016-12-30,35.13,35.27,35.45,35.11,35.43,27076331,955339321,0.3,0.854,35.2832,
601318.SH,中国平安,2017-01-03,35.43,35.34,36.01,35.32,35.68,29697799,1062134997,0.25,0.7056,35.7648,
601318.SH,中国平安,2017-01-04,35.68,35.69,35.79,35.51,35.65,25257405,900817691,-0.03,-0.0841,35.6655,
601318.SH,中国平安,2017-01-05,35.65,35.73,35.94,35.68,35.73,28691033,1027949508,0.08,0.2244,35.8283,
601318.SH,中国平安,2017-01-06,35.73,35.73,35.89,35.35,35.44,36286227,1290794307,-0.29,-0.8116,35.5726,
601318.SH,中国平安,2017-01-09,35.44,35.47,35.55,35.27,35.42,27061697,958713466,-0.02,-0.0564,35.427,
601318.SH,中国平安,2017-01-10,35.42,35.44,35.49,35.2,35.23,20535090,725447485,-0.19,-0.5364,35.3272,
601318.SH,中国平安,2017-01-11,35.23,35.25,35.43,35.1,35.23,20996349,740408787,0,0,35.2637,
601318.SH,中国平安,2017-01-12,35.23,35.3,35.42,35.15,35.21,18718703,660770328,-0.02,-0.0568,35.3,
601318.SH,中国平安,2017-01-13,35.21,35.23,35.9,35.19,35.56,33073897,1177624289,0.35,0.994,35.6059,
601318.SH,中国平安,2017-01-16,35.56,35.56,36.28,35.21,36.19,112917227,4058898504,0.63,1.7717,35.9458,
601318.SH,中国平安,2017-01-17,36.19,36.07,36.34,35.89,35.98,34949314,1261227196,-0.21,-0.5803,36.0873,
601318.SH,中国平安,2017-01-18,35.98,36.07,36.44,36.06,36.21,26686911,968675234,0.23,0.6392,36.2978,
601318.SH,中国平安,2017-01-19,36.21,36.13,36.37,35.92,36.05,19962834,721764754,-0.16,-0.4419,36.1554,
601318.SH,中国平安,2017-01-20,36.05,36.05,36.28,36.01,36.26,26033277,940875013,0.21,0.5825,36.1412,
601318.SH,中国平安,2017-01-23,36.26,36.26,36.42,36.04,36.2,39800128,1440993193,-0.06,-0.1655,36.2057,
601318.SH,中国平安,2017-01-24,36.2,36.2,36.33,36.1,36.18,26866560,973085798,-0.02,-0.0552,36.2192,
601318.SH,中国平安,2017-01-25,36.18,36.2,36.45,36.09,36.43,35892232,1301946746,0.25,0.691,36.2738,
601318.SH,中国平安,2017-01-26,36.43,36.45,36.8,36.44,36.51,27720542,1014531003,0.08,0.2196,36.5985,
601318.SH,中国平安,2017-02-03,36.51,36.5,36.5,35.6,35.62,48926754,1754524970,-0.89,-2.4377,35.8602,
601318.SH,中国平安,2017-02-06,35.62,35.74,36.03,35.53,35.94,64891420,2322670718,0.32,0.8984,35.7932,
601318.SH,中国平安,2017-02-07,35.94,36,36.24,35.92,36.06,48618000,1754121737,0.12,0.3339,36.0797,
601318.SH,中国平安,2017-02-08,36.06,36.04,36.08,35.7,36.02,39628863,1425349443,-0.04,-0.1109,35.9675,
601318.SH,中国平安,2017-02-09,36.02,36.07,36.37,36,36.11,52756885,1908930707,0.09,0.2499,36.1835,
601318.SH,中国平安,2017-02-10,36.11,36.21,36.34,36.1,36.2,39921900,1444897061,0.09,0.2492,36.1931,
601318.SH,中国平安,2017-02-13,36.2,36.29,36.41,36.17,36.31,69354090,2517882533,0.11,0.3039,36.3047,
601318.SH,中国平安,2017-02-14,36.31,36.4,36.4,35.95,36.1,49092275,1774534248,-0.21,-0.5784,36.1469,
601318.SH,中国平安,2017-02-15,36.1,36.27,36.48,36.21,36.32,67285226,2442350202,0.22,0.6094,36.2985,
601318.SH,中国平安,2017-02-16,36.32,36.42,36.43,36.19,36.3,34781714,1261768664,-0.02,-0.0551,36.2768,
601318.SH,中国平安,2017-02-17,36.3,36.36,36.66,36.2,36.26,52550389,1915834762,-0.04,-0.1102,36.4571,
601318.SH,中国平安,2017-02-20,36.26,36.31,36.89,36.25,36.82,74144223,2715553500,0.56,1.5444,36.6253,
601318.SH,中国平安,2017-02-21,36.82,36.83,37.18,36.7,36.77,54833169,2024707040,-0.05,-0.1358,36.9249,
601318.SH,中国平安,2017-02-22,36.77,36.88,36.92,36.67,36.82,38041992,1400124080,0.05,0.136,36.8047,
601318.SH,中国平安,2017-02-23,36.82,36.77,36.89,36.44,36.52,45952080,1681434618,-0.3,-0.8148,36.591,
601318.SH,中国平安,2017-02-24,36.52,36.53,36.57,36.36,36.56,25683349,936256080,0.04,0.1095,36.4538,
601318.SH,中国平安,2017-02-27,36.56,36.51,36.64,36.21,36.32,40140682,1461978561,-0.24,-0.6565,36.4214,
601318.SH,中国平安,2017-02-28,36.32,36.32,36.44,36.19,36.23,26846910,973920023,-0.09,-0.2478,36.2768,
601318.SH,中国平安,2017-03-01,36.23,36.26,36.32,36.13,36.16,35508177,1286566444,-0.07,-0.1932,36.233,
601318.SH,中国平安,2017-03-02,36.16,36.34,36.34,35.84,35.86,46565680,1677956501,-0.3,-0.8296,36.0342,
601318.SH,中国平安,2017-03-03,35.86,35.8,35.94,35.71,35.85,25135446,900105329,-0.01,-0.0279,35.8102,
601318.SH,中国平安,2017-03-06,35.85,35.81,35.94,35.75,35.83,28671714,1027741367,-0.02,-0.0558,35.8451,
601318.SH,中国平安,2017-03-07,35.83,35.83,35.97,35.8,35.96,23721119,851204570,0.13,0.3628,35.8838,
601318.SH,中国平安,2017-03-08,35.96,35.9,35.92,35.77,35.82,22285684,798679796,-0.14,-0.3893,35.8382,
601318.SH,中国平安,2017-03-09,35.82,35.77,35.8,35.5,35.78,37796652,1347204348,-0.04,-0.1117,35.6435,
601318.SH,中国平安,2017-03-10,35.78,35.71,35.77,35.58,35.6,20744676,739538476,-0.18,-0.5031,35.6496,
601318.SH,中国平安,2017-03-13,35.6,35.6,36.04,35.56,35.97,35999002,1291416185,0.37,1.0393,35.8737,
601318.SH,中国平安,2017-03-14,35.97,35.99,36.13,35.81,35.94,27696420,995908965,-0.03,-0.0834,35.958,
601318.SH,中国平安,2017-03-15,35.94,35.88,36,35.76,35.96,26872050,964386172,0.02,0.0556,35.8881,
601318.SH,中国平安,2017-03-16,35.96,36.1,36.24,35.97,36.07,39164100,1412921473,0.11,0.3059,36.077,
601318.SH,中国平安,2017-03-17,36.07,36.12,36.22,35.62,35.75,54262154,1951604325,-0.32,-0.8872,35.9662,
601318.SH,中国平安,2017-03-20,35.75,35.76,35.96,35.66,35.83,42458939,1518417732,0.08,0.2238,35.762,
601318.SH,中国平安,2017-03-21,35.83,36.03,36.29,35.87,36.27,97008407,3497702318,0.44,1.228,36.0557,
601318.SH,中国平安,2017-03-22,36.27,36.09,36.23,35.81,36,52790683,1900860425,-0.27,-0.7444,36.0075,
601318.SH,中国平安,2017-03-23,36,36.18,36.93,36.14,36.57,120905943,4423299981,0.57,1.5833,36.5846,
601318.SH,中国平安,2017-03-24,36.57,36.65,37.11,36.2,36.55,94401638,3453351568,-0.02,-0.0547,36.5815,
601318.SH,中国平安,2017-03-27,36.55,36.51,37.28,36.5,36.74,122860195,4533273391,0.19,0.5198,36.8978,
601318.SH,中国平安,2017-03-28,36.74,36.77,36.97,36.61,36.73,52334690,1923728610,-0.01,-0.0272,36.7582,
601318.SH,中国平安,2017-03-29,36.73,36.89,37.04,36.69,36.78,52522665,1933615709,0.05,0.1361,36.8149,
601318.SH,中国平安,2017-03-30,36.78,36.71,36.79,36.4,36.75,49288130,1804688804,-0.03,-0.0816,36.6151,
601318.SH,中国平安,2017-03-31,36.75,36.68,37.14,36.58,37.01,63799619,2355407321,0.26,0.7075,36.9188,
601318.SH,中国平安,2017-04-05,37.01,37.1,37.3,36.99,37.1,61349985,2276342315,0.09,0.2432,37.1042,
601318.SH,中国平安,2017-04-06,37.1,37.11,37.13,36.78,36.96,52331352,1932690704,-0.14,-0.3774,36.9318,
601318.SH,中国平安,2017-04-07,36.96,36.94,37.01,36.56,36.6,64760921,2376814017,-0.36,-0.974,36.7014,
601318.SH,中国平安,2017-04-10,36.6,36.56,36.71,36.38,36.45,48441796,1768312458,-0.15,-0.4098,36.5039,
601318.SH,中国平安,2017-04-11,36.45,36.45,36.6,35.84,36.19,63322577,2289209326,-0.26,-0.7133,36.1516,
601318.SH,中国平安,2017-04-12,36.19,36.17,36.32,34.9,36.01,66507762,2390144179,-0.18,-0.4974,35.9378,
601318.SH,中国平安,2017-04-13,36.01,35.8,36.09,35.8,35.9,38759046,1393274811,-0.11,-0.3055,35.9471,
601318.SH,中国平安,2017-04-14,35.9,35.9,36.04,35.66,35.89,37091529,1329735399,-0.01,-0.0279,35.8501,
601318.SH,中国平安,2017-04-17,35.89,35.81,36.07,35.67,36.02,37660299,1351965562,0.13,0.3622,35.899,
601318.SH,中国平安,2017-04-18,36.02,36,36.09,35.67,35.7,35523028,1274754660,-0.32,-0.8884,35.8853,
601318.SH,中国平安,2017-04-19,35.7,35.68,35.85,35.47,35.51,48705008,1734152448,-0.19,-0.5322,35.6052,
601318.SH,中国平安,2017-04-20,35.51,35.66,35.91,35.56,35.8,41604810,1486331412,0.29,0.8167,35.725,
601318.SH,中国平安,2017-04-21,35.8,35.81,36.26,35.65,36.09,52520305,1897448393,0.29,0.8101,36.1279,
601318.SH,中国平安,2017-04-24,36.09,36.09,36.26,35.99,36.17,54992292,1989033149,0.08,0.2217,36.1693,
601318.SH,中国平安,2017-04-25,36.17,36.17,36.56,36.12,36.48,61281318,2230735125,0.31,0.8571,36.4016,
601318.SH,中国平安,2017-04-26,36.48,36.57,37.92,36.47,37.51,160935910,6010681228,1.03,2.8235,37.3483,
601318.SH,中国平安,2017-04-27,37.51,37.49,38.26,37.44,37.82,125005458,4732657328,0.31,0.8264,37.8596,
601318.SH,中国平安,2017-04-28,37.82,37.9,38.07,37.61,37.96,67866387,2568647819,0.14,0.3702,37.8486,
601318.SH,中国平安,2017-05-02,37.96,37.8,38.38,37.8,37.91,61932539,2359210184,-0.05,-0.1317,38.0932,
601318.SH,中国平安,2017-05-03,37.91,37.95,38.28,37.82,38,50538386,1920918772,0.09,0.2374,38.0091,
601318.SH,中国平安,2017-05-04,38,37.95,38.1,37.73,37.82,54857355,2080732893,-0.18,-0.4737,37.9299,
601318.SH,中国平安,2017-05-05,37.82,37.7,37.86,37.2,37.26,62397960,2337681712,-0.56,-1.4807,37.4641,
601318.SH,中国平安,2017-05-08,37.26,37.26,38.12,37.24,37.79,95293243,3609995304,0.53,1.4224,37.883,
601318.SH,中国平安,2017-05-09,37.79,37.71,38.08,37.71,37.99,59518293,2258188097,0.2,0.5292,37.9411,
601318.SH,中国平安,2017-05-10,37.99,38.03,40.05,38.01,39.84,158920371,6249692993,1.85,4.8697,39.3259,
601318.SH,中国平安,2017-05-11,39.84,39.8,40.09,39.56,39.77,82779446,3296766911,-0.07,-0.1757,39.8259,
601318.SH,中国平安,2017-05-12,39.77,39.7,41.3,39.7,40.95,120017119,4897614123,1.18,2.9671,40.8076,
601318.SH,中国平安,2017-05-15,40.95,41.22,41.96,40.62,40.9,71622420,2960377186,-0.05,-0.1221,41.3331,
601318.SH,中国平安,2017-05-16,40.9,40.9,41.3,40.68,41.09,62986281,2582208680,0.19,0.4645,40.9964,
601318.SH,中国平安,2017-05-17,41.09,41,41.09,40.19,40.42,77910638,3156764513,-0.67,-1.6306,40.5178,
601318.SH,中国平安,2017-05-18,40.42,40.06,41.08,40.06,40.62,58167880,2368295170,0.2,0.4948,40.7148,
601318.SH,中国平安,2017-05-19,40.62,40.59,41.33,40.59,41.01,42046764,1727706874,0.39,0.9601,41.0901,
601318.SH,中国平安,2017-05-22,41.01,41.03,43.02,41.03,42.84,102557092,4349844018,1.83,4.4623,42.4139,
601318.SH,中国平安,2017-05-23,42.84,43,44.18,42.85,43.17,106099037,4628619016,0.33,0.7703,43.6255,
601318.SH,中国平安,2017-05-24,43.17,43,43.54,41.97,43.03,81351957,3491155434,-0.14,-0.3243,42.9142,
601318.SH,中国平安,2017-05-25,43.03,43,45.56,42.95,45.49,138989996,6178137404,2.46,5.7169,44.4502,
601318.SH,中国平安,2017-05-26,45.49,45.4,45.85,44.86,45.18,78361301,3547666748,-0.31,-0.6815,45.2732,
601318.SH,中国平安,2017-05-31,45.18,45,47.13,44.82,45.07,100997789,4624877831,-0.11,-0.2435,45.7919,
601318.SH,中国平安,2017-06-01,45.07,45.4,46,44.9,45.97,77236116,3513398064,0.9,1.9969,45.4891,
601318.SH,中国平安,2017-06-02,45.97,45.89,46.37,44.63,44.96,82633357,3734938417,-1.01,-2.1971,45.1989,
601318.SH,中国平安,2017-06-05,44.96,44.92,45.15,44.08,44.67,78000274,3468933930,-0.29,-0.645,44.4734,
601318.SH,中国平安,2017-06-06,44.67,44.6,46.1,44.6,46.03,96716968,4383686411,1.36,3.0445,45.3249,
601318.SH,中国平安,2017-06-07,46.03,46.2,46.88,45.71,45.98,78820064,3645872262,-0.05,-0.1086,46.2556,
601318.SH,中国平安,2017-06-08,45.98,45.9,47.65,45.82,47.62,83217137,3899227565,1.64,3.5668,46.8561,
601318.SH,中国平安,2017-06-09,47.62,47.7,48.77,47.5,48.14,92567674,4462205605,0.52,1.092,48.2048,
601318.SH,中国平安,2017-06-12,48.14,48.02,49.64,48.02,48.93,85959680,4199730273,0.79,1.641,48.857,
601318.SH,中国平安,2017-06-13,48.93,48.75,49.2,47.9,48.44,67046122,3245558601,-0.49,-1.0014,48.4078,
601318.SH,中国平安,2017-06-14,48.44,48.63,48.84,47,47.21,83401397,3974060287,-1.23,-2.5392,47.6498,
601318.SH,中国平安,2017-06-15,47.21,47.19,47.47,45.91,46.18,104198333,4833899744,-1.03,-2.1817,46.3913,
601318.SH,中国平安,2017-06-16,46.18,46.1,47.18,46.1,46.7,80723142,3777604440,0.52,1.126,46.797,
601318.SH,中国平安,2017-06-19,46.7,46.96,48.63,46.69,48.56,80848191,3869638235,1.86,3.9829,47.863,
601318.SH,中国平安,2017-06-20,48.56,48.77,48.93,47.67,48.1,61635533,2962329659,-0.46,-0.9473,48.062,
601318.SH,中国平安,2017-06-21,48.1,48.3,49.56,47.56,49.43,84975718,4147969142,1.33,2.7651,48.8136,
601318.SH,中国平安,2017-06-22,49.43,49.2,50.47,49.05,49.14,114646405,5715913249,-0.29,-0.5867,49.8569,
601318.SH,中国平安,2017-06-23,49.14,49.24,49.9,48.79,49.72,87371964,4310012062,0.58,1.1803,49.3295,
601318.SH,中国平安,2017-06-26,49.72,49.99,50.77,49.35,49.72,95319255,4760578482,0,0,49.9435,
601318.SH,中国平安,2017-06-27,49.72,49.7,49.95,48.93,49.92,78083585,3855524441,0.2,0.4023,49.3769,
601318.SH,中国平安,2017-06-28,49.92,49.7,49.74,48.55,48.61,69132247,3393564250,-1.31,-2.6242,49.088,
601318.SH,中国平安,2017-06-29,48.61,48.8,50.05,48.38,49.96,75322875,3715241204,1.35,2.7772,49.3242,
601318.SH,中国平安,2017-06-30,49.96,49.8,50.2,49.28,49.61,59863098,2974857809,-0.35,-0.7006,49.6944,
601318.SH,中国平安,2017-07-03,49.61,49.8,49.8,48.55,48.94,56319918,2755923273,-0.67,-1.3505,48.9334,
601318.SH,中国平安,2017-07-04,48.94,48.8,48.84,47.91,47.92,68392065,3299813382,-1.02,-2.0842,48.2485,
601318.SH,中国平安,2017-07-05,47.92,48,50.7,48,50.42,127253722,6293926168,2.5,5.217,49.4597,
601318.SH,中国平安,2017-07-06,50.42,50.42,52,50.07,51.39,113781480,5793924188,0.97,1.9238,50.9215,
601318.SH,中国平安,2017-07-07,51.39,51.15,51.62,50.53,51.01,53392598,2727331058,-0.38,-0.7394,51.0807,
601318.SH,中国平安,2017-07-10,51.01,51.02,51.96,50.69,51.13,57077601,2938274374,0.12,0.2352,51.4786,
601318.SH,中国平安,2017-07-11,51.13,50.81,52.01,50.61,51.23,69953963,3600296755,0.1,1.2851,51.4667,
601318.SH,中国平安,2017-07-12,51.23,51.36,52.5,50.42,50.61,87011734,4490986366,-0.62,-1.2102,51.6136,
601318.SH,中国平安,2017-07-13,50.61,50.98,51.86,50.83,51.63,66534298,3418210961,1.02,2.0154,51.3752,
601318.SH,中国平安,2017-07-14,51.63,51.69,52.79,51.3,52.77,70779162,3681295002,1.14,2.208,52.011,
601318.SH,中国平安,2017-07-17,52.77,53.01,55.09,52.42,53.9,140879134,7585579250,1.13,2.1414,53.8446,
601318.SH,中国平安,2017-07-18,53.9,53.6,54.26,52.51,53.47,87902953,4697173720,-0.43,-0.7978,53.4359,
601318.SH,中国平安,2017-07-19,53.47,53.68,54.48,53.11,53.84,77118069,4138848109,0.37,0.692,53.669,
601318.SH,中国平安,2017-07-20,53.84,53.55,54.15,52.82,54.01,65919874,3528872923,0.17,0.3158,53.5328,
601318.SH,中国平安,2017-07-21,54.01,53.2,53.28,51.9,51.96,129479193,6811105692,-2.05,-3.7956,52.6039,
601318.SH,中国平安,2017-07-24,51.96,52.08,53.1,51.68,52.61,90459593,4749136592,0.65,1.251,52.5001,
601318.SH,中国平安,2017-07-25,52.61,52.62,53.05,52.18,52.31,50683483,2670578612,-0.3,-0.5702,52.6913,
601318.SH,中国平安,2017-07-26,52.31,52.1,52.5,51.28,51.89,65761087,3403982468,-0.42,-0.8029,51.7629,
601318.SH,中国平安,2017-07-27,51.89,51.85,52.74,51.09,52.36,66713294,3456657893,0.47,0.9058,51.8136,
601318.SH,中国平安,2017-07-28,52.36,52.2,52.46,51.8,51.89,49129473,2557067863,-0.47,-0.8976,52.0475,
601318.SH,中国平安,2017-07-31,51.89,51.88,52.64,51.41,52.02,61600507,3210189249,0.13,0.2505,52.113,
601318.SH,中国平安,2017-08-01,52.02,52.2,54.9,52.2,54.85,114793661,6170850610,2.83,5.4402,53.756,
601318.SH,中国平安,2017-08-02,54.85,54.81,54.82,53.88,54.04,72381745,3925861501,-0.81,-1.4768,54.2383,
601318.SH,中国平安,2017-08-03,54.04,54.04,54.48,52.88,52.92,56531164,3036337544,-1.12,-2.0725,53.7109,
601318.SH,中国平安,2017-08-04,52.92,52.99,53.19,51.85,51.94,66608738,3494563811,-0.98,-1.8519,52.464,
601318.SH,中国平安,2017-08-07,51.94,51.91,52.84,51.53,52.32,52385217,2738587944,0.38,0.7316,52.2779,
601318.SH,中国平安,2017-08-08,52.32,52.3,52.56,51.91,52.45,36732251,1917168051,0.13,0.2485,52.193,
601318.SH,中国平安,2017-08-09,52.45,52.35,52.84,52,52.06,41073411,2149503758,-0.39,-0.7436,52.3332,
601318.SH,中国平安,2017-08-10,52.06,52.07,52.45,50.51,50.73,84642315,4333370708,-1.33,-2.5547,51.1963,
601318.SH,中国平安,2017-08-11,50.73,50.2,50.73,49.53,49.58,82814563,4147670928,-1.15,-2.2669,50.0838,
601318.SH,中国平安,2017-08-14,49.58,49.99,51,49.64,50.49,79149496,3992982202,0.91,1.8354,50.4486,
601318.SH,中国平安,2017-08-15,50.49,50.8,51.56,50.6,50.9,68084953,3482968110,0.41,0.812,51.1562,
601318.SH,中国平安,2017-08-16,50.9,50.85,51.29,50.53,51.21,34085106,1735515853,0.31,0.609,50.9171,
601318.SH,中国平安,2017-08-17,51.21,51.47,51.83,50.87,51.1,37471148,1922044261,-0.11,-0.2148,51.294,
601318.SH,中国平安,2017-08-18,51.1,52.4,53.86,51.62,53.17,117642875,6204026735,2.07,4.0509,52.7361,
601318.SH,中国平安,2017-08-21,53.17,53.4,54.28,52.78,53.03,71615254,3834637735,-0.14,-0.2633,53.545,
601318.SH,中国平安,2017-08-22,53.03,53.41,55.26,53.32,55.2,100989678,5503927189,2.17,4.092,54.4999,
601318.SH,中国平安,2017-08-23,55.2,55.01,55.83,54.82,55.4,56488435,3124559298,0.2,0.3623,55.3133,
601318.SH,中国平安,2017-08-24,55.4,55.55,56.28,54.95,55.12,56065476,3111185225,-0.28,-0.5054,55.492,
601318.SH,中国平安,2017-08-25,55.12,54.9,56.22,54.84,55.83,74310600,4147141456,0.71,1.2881,55.8082,
601318.SH,中国平安,2017-08-28,55.83,55.98,57.75,55.98,56.2,80329569,4571588753,0.37,0.6627,56.9104,
601318.SH,中国平安,2017-08-29,56.2,56.1,57.25,55.88,57.06,41677419,2365449403,0.86,1.5302,56.7561,
601318.SH,中国平安,2017-08-30,57.06,57,57.63,56.26,56.41,47027718,2668794013,-0.65,-1.1392,56.7494,
601318.SH,中国平安,2017-08-31,56.41,56.33,56.66,55.55,56.03,48095720,2694501061,-0.38,-0.6736,56.0237,
601318.SH,中国平安,2017-09-01,56.03,56.05,57.04,55.6,56.17,57108347,3213848068,0.14,0.2499,56.2763,
601318.SH,中国平安,2017-09-04,56.17,55.51,55.56,54.81,55.15,48405138,2668523944,-1.02,-0.9341,55.1289,
601318.SH,中国平安,2017-09-05,55.15,55.4,56.6,55.11,56.29,56376990,3153737507,1.14,2.0671,55.9402,
601318.SH,中国平安,2017-09-06,56.29,56.05,56.38,55.09,55.4,42406310,2354829570,-0.89,-1.5811,55.5302,
601318.SH,中国平安,2017-09-07,55.4,55.6,55.82,54.83,54.91,32974056,1818266123,-0.49,-0.8845,55.1423,
601318.SH,中国平安,2017-09-08,54.91,54.9,55.52,54.83,55.02,29032223,1601029319,0.11,0.2003,55.1466,
601318.SH,中国平安,2017-09-11,55.02,55.21,55.98,53.92,53.99,80409842,4405694623,-1.03,-1.872,54.7905,
601318.SH,中国平安,2017-09-12,53.99,54.48,54.87,53.61,54.81,55595400,3018230917,0.82,1.5188,54.2892,
601318.SH,中国平安,2017-09-13,54.81,54.8,55.36,54.33,55.07,39806983,2188825236,0.26,0.4744,54.986,
601318.SH,中国平安,2017-09-14,55.07,55.1,55.25,53.9,54.02,51019115,2769164300,-1.05,-1.9067,54.277,
601318.SH,中国平安,2017-09-15,54.02,54.09,54.2,53.15,53.38,75425944,4035496824,-0.64,-1.1847,53.5028,
601318.SH,中国平安,2017-09-18,53.38,53.27,54.48,53.27,53.3,75400296,4045828546,-0.08,-0.1499,53.658,
601318.SH,中国平安,2017-09-19,53.3,53.69,54.04,53.11,53.46,62150655,3322570961,0.16,0.3002,53.46,
601318.SH,中国平安,2017-09-20,53.46,53.44,53.7,53,53.08,58718913,3132558755,-0.38,-0.7108,53.3484,
601318.SH,中国平安,2017-09-21,53.08,53.16,54.24,53.01,53.82,72709201,3909123212,0.74,1.3941,53.7638,
601318.SH,中国平安,2017-09-22,53.82,53.55,54.35,53.52,54.04,54947182,2965926964,0.22,0.4088,53.9778,
601318.SH,中国平安,2017-09-25,54.04,54.05,54.73,53.82,54.16,65794494,3572267811,0.12,0.2221,54.2943,
601318.SH,中国平安,2017-09-26,54.16,53.99,54.33,53.95,54.25,42795845,2317837253,0.09,0.1662,54.1603,
601318.SH,中国平安,2017-09-27,54.25,54.1,54.24,53.46,53.6,46898447,2525092409,-0.65,-1.1982,53.8417,
601318.SH,中国平安,2017-09-28,53.6,53.6,53.97,53.32,53.74,39773746,2134157815,0.14,0.2612,53.6575,
601318.SH,中国平安,2017-09-29,53.74,53.72,54.35,53.43,54.16,43417231,2345094281,0.42,0.7815,54.013,
601318.SH,中国平安,2017-10-09,54.16,56.1,56.5,54.71,54.76,88236199,4894508072,0.6,1.1078,55.4705,
601318.SH,中国平安,2017-10-10,54.76,54.86,55.52,53.81,54.92,96068320,5234374162,0.16,0.2922,54.486,
601318.SH,中国平安,2017-10-11,54.92,54.9,55.72,54.55,55.31,66452795,3671752167,0.39,0.7101,55.2535,
601318.SH,中国平安,2017-10-12,55.31,55.2,57.19,55.12,57.11,89855011,5060866914,1.8,3.2544,56.3226,
601318.SH,中国平安,2017-10-13,57.11,56.91,57.43,56.73,57.08,50815330,2898031536,-0.03,-0.0525,57.0307,
601318.SH,中国平安,2017-10-16,57.08,57.5,58.55,57.09,57.17,74976923,4336232571,0.09,0.1577,57.8342,
601318.SH,中国平安,2017-10-17,57.17,57.41,58.26,57.2,57.94,63781573,3687434212,0.77,1.3469,57.8135,
601318.SH,中国平安,2017-10-18,57.94,58.06,59.03,57.87,58.98,71037948,4156056201,1.04,1.795,58.5047,
601318.SH,中国平安,2017-10-19,58.98,59.06,59.95,58.8,59.59,74113891,4412200243,0.61,1.0342,59.5327,
601318.SH,中国平安,2017-10-20,59.59,59,59.45,58.64,59.02,45688147,2696601759,-0.57,-0.9565,59.0219,
601318.SH,中国平安,2017-10-23,59.02,59.73,60.18,59.2,59.88,51239175,3066104021,0.86,1.4571,59.8391,
601318.SH,中国平安,2017-10-24,59.88,59.77,61.06,59.63,60.2,70533642,4268526176,0.32,0.5344,60.5176,
601318.SH,中国平安,2017-10-25,60.2,60.1,60.44,59.71,60.08,38645697,2322425400,-0.12,-0.1993,60.0953,
601318.SH,中国平安,2017-10-26,60.08,60,62.26,59.86,61.39,83684094,5137430623,1.31,2.1804,61.3908,
601318.SH,中国平安,2017-10-27,61.39,61.5,63.98,61.48,63.93,87686093,5509478165,2.54,4.1375,62.8318,
601318.SH,中国平安,2017-10-30,63.93,64,65.3,63.13,64.06,118383153,7608700684,0.13,0.2033,64.2718,
601318.SH,中国平安,2017-10-31,64.06,63.5,64.5,63.31,64.36,51366189,3284189902,0.3,0.4683,63.9368,
601318.SH,中国平安,2017-11-01,64.36,64.47,66.28,63.72,64.12,100111909,6497719273,-0.24,-0.3729,64.9046,
601318.SH,中国平安,2017-11-02,64.12,64.2,64.39,63,64.14,82494651,5249507427,0.02,0.0312,63.6345,
601318.SH,中国平安,2017-11-03,64.14,64,64.84,63.48,64.45,68143978,4374187708,0.31,0.4833,64.1904,
601318.SH,中国平安,2017-11-06,64.45,64.69,64.7,62.92,64.01,90857015,5784912562,-0.44,-0.6827,63.6705,
601318.SH,中国平安,2017-11-07,64.01,64.3,66.57,64.3,65.37,117356586,7697028238,1.36,2.1247,65.5867,
601318.SH,中国平安,2017-11-08,65.37,65.4,66.35,64.32,64.61,86782083,5669830793,-0.76,-1.1626,65.3341,
601318.SH,中国平安,2017-11-09,64.61,64.5,66.39,64.4,66.33,70866925,4620472310,1.72,2.6621,65.1993,
601318.SH,中国平安,2017-11-10,66.33,66,69.95,65.93,69.89,125406037,8577347652,3.56,5.3671,68.3966,
601318.SH,中国平安,2017-11-13,69.89,70.1,70.57,69.48,70.15,75220717,5267340967,0.26,0.372,70.0251,
601318.SH,中国平安,2017-11-14,70.15,70.69,71.29,69.77,70.42,80174828,5652540362,0.27,0.3849,70.5027,
601318.SH,中国平安,2017-11-15,70.42,69.98,70.43,68.59,69.2,100945992,6990987895,-1.22,-1.7325,69.2547,
601318.SH,中国平安,2017-11-16,69.2,68.8,73.11,68.75,73.01,116376446,8269151220,3.81,5.5058,71.0552,
601318.SH,中国平安,2017-11-17,73.01,72.7,75.32,71.8,75.27,158039374,11680087761,2.26,3.0955,73.9062,
601318.SH,中国平安,2017-11-20,75.27,74.78,76.49,74.07,75.71,114128113,8583176574,0.44,0.5846,75.2065,
601318.SH,中国平安,2017-11-21,75.71,75.13,79.68,75.13,78.44,144556937,11268384879,2.73,3.6059,77.9512,
601318.SH,中国平安,2017-11-22,78.44,79.5,79.96,76.58,77.45,129348799,10124738589,-0.99,-1.2621,78.2747,
601318.SH,中国平安,2017-11-23,77.45,76.6,78.44,73.7,74.32,157621088,11946905532,-3.13,-4.0413,75.7951,
601318.SH,中国平安,2017-11-24,74.32,74.15,75.46,72.71,74.62,131784376,9752487038,0.3,0.4037,74.0034,
601318.SH,中国平安,2017-11-27,74.62,74.7,74.9,71.55,73.55,163723233,11979068075,-1.07,-1.4339,73.1666,
601318.SH,中国平安,2017-11-28,73.55,72.7,73.54,71.88,72.73,78646962,5710613283,-0.82,-1.1149,72.6107,
601318.SH,中国平安,2017-11-29,72.73,73.54,74.19,71.26,72.42,87500464,6358820396,-0.31,-0.4262,72.6718,
601318.SH,中国平安,2017-11-30,72.42,71.37,71.67,69.55,69.92,116373317,8210562529,-2.5,-3.4521,70.5537,
601318.SH,中国平安,2017-12-01,69.92,69.65,70.18,67.91,68.1,139304603,9600520278,-1.82,-2.603,68.9175,
601318.SH,中国平安,2017-12-04,68.1,67.6,70.35,67.37,69.39,115928317,8019893921,1.29,1.8943,69.1798,
601318.SH,中国平安,2017-12-05,69.39,68.9,71.5,68.78,71.2,169253953,11943537965,1.81,2.6084,70.5658,
601318.SH,中国平安,2017-12-06,71.2,70.9,71.1,68,69.4,124560752,8683330184,-1.8,-2.5281,69.7116,
601318.SH,中国平安,2017-12-07,69.4,69.35,69.81,67.6,68.64,85970358,5882969802,-0.76,-1.0951,68.4302,
601318.SH,中国平安,2017-12-08,68.64,68.94,71.86,68.66,71.49,109563228,7706090993,2.85,4.1521,70.3346,
601318.SH,中国平安,2017-12-11,71.49,71.2,73.31,70.82,73.25,113992734,8230209835,1.76,2.4619,72.1994,
601318.SH,中国平安,2017-12-12,73.25,73.25,73.56,71.17,71.21,77790078,5624415243,-2.04,-2.785,72.3025,
601318.SH,中国平安,2017-12-13,71.21,71.21,72.62,70.2,72.12,86511781,6180930487,0.91,1.2779,71.4461,
601318.SH,中国平安,2017-12-14,72.12,72.12,72.16,70.6,71.01,67618694,4821543307,-1.11,-1.5391,71.3049,
601318.SH,中国平安,2017-12-15,71.01,70.69,71.44,70.05,70.38,73554722,5203043803,-0.63,-0.8872,70.737,
601318.SH,中国平安,2017-12-18,70.38,70.21,71.93,70.21,70.67,67911699,4819171120,0.29,0.412,70.9623,
601318.SH,中国平安,2017-12-19,70.67,70.91,73.63,70.71,73.58,127058305,9235563922,2.91,4.1177,72.6876,
601318.SH,中国平安,2017-12-20,73.58,73.49,74.59,73.08,73.94,93938288,6929166001,0.36,0.4893,73.763,
601318.SH,中国平安,2017-12-21,73.94,73.64,75.58,73.21,74.91,93470766,6973083823,0.97,1.3119,74.6018,
601318.SH,中国平安,2017-12-22,74.91,74.8,75.2,73.63,74.02,71952658,5340481047,-0.89,-1.1881,74.2222,
601318.SH,中国平安,2017-12-25,74.02,74.06,76.17,73.37,74.16,110997896,8271645257,0.14,0.1891,74.5207,
601318.SH,中国平安,2017-12-26,74.16,74.11,74.56,72.88,73.94,83228950,6125332824,-0.22,-0.2967,73.5962,
601318.SH,中国平安,2017-12-27,73.94,73.45,73.45,70.02,70.35,150683445,10782720389,-3.59,-4.8553,71.5588,
601318.SH,中国平安,2017-12-28,70.35,70.3,71.42,69.67,70.59,113088642,7984386864,0.24,0.3412,70.6029,
601318.SH,中国平安,2017-12-29,70.59,71.09,71.53,69.5,69.98,104001801,7316476634,-0.61,-0.8641,70.3495,
601318.SH,中国平安,2018-01-02,69.98,70.21,72.8,70.18,72.59,123616317,8873521553,2.61,3.7296,71.7828,
601318.SH,中国平安,2018-01-03,72.59,73.4,73.9,70.11,70.97,179405492,12887286352,-1.62,-2.2317,71.8333,
601318.SH,中国平安,2018-01-04,70.97,71.02,72.2,70.55,71.18,106115784,7558632047,0.21,0.2959,71.23,
601318.SH,中国平安,2018-01-05,71.18,71.59,71.88,70.45,70.89,77207581,5478422385,-0.29,-0.4074,70.9571,
601318.SH,中国平安,2018-01-08,70.89,70.79,70.79,69.32,70.01,122872953,8582728348,-0.88,-1.2414,69.8504,
601318.SH,中国平安,2018-01-09,70.01,70.3,72.08,70.03,71.87,123949115,8846740744,1.86,2.6568,71.374,
601318.SH,中国平安,2018-01-10,71.87,71.6,71.87,70.71,71.72,82812301,5908131847,-0.15,-0.2087,71.3437,
601318.SH,中国平安,2018-01-11,71.72,71.05,73.12,71,72.65,109628895,7942591596,0.93,1.2967,72.4498,
601318.SH,中国平安,2018-01-12,72.65,72.66,74.5,72.33,74.41,128266294,9412700286,1.76,2.4226,73.3841,
601318.SH,中国平安,2018-01-15,74.41,75.35,78.5,75.35,77.65,200659866,15506926306,3.24,4.3543,77.2797,
601318.SH,中国平安,2018-01-16,77.65,77.68,79.48,77.2,77.81,150164317,11730259422,0.16,0.2061,78.1162,
601318.SH,中国平安,2018-01-17,77.81,78.1,79.35,76.5,77.34,141357416,11007901753,-0.47,-0.604,77.8728,
601318.SH,中国平安,2018-01-18,77.34,78.56,80.11,77.08,77.61,207447138,16276293928,0.27,0.3491,78.46,
601318.SH,中国平安,2018-01-19,77.61,78.3,79.06,76.89,77.59,155380912,12121952907,-0.02,-0.0258,78.0144,
601318.SH,中国平安,2018-01-22,77.59,77.11,79.2,77.05,78.74,121588286,9519920005,1.15,1.4821,78.2964,
601318.SH,中国平安,2018-01-23,78.74,80.3,81.28,78.29,78.76,191989840,15307309842,0.02,0.0254,79.7298,
601318.SH,中国平安,2018-01-24,78.76,79,79.44,76.38,76.44,168914104,13089919947,-2.32,-2.9457,77.4945,
601318.SH,中国平安,2018-01-25,76.44,75.93,75.99,74.8,75.29,123439652,9292249846,-1.15,-1.5044,75.2777,
601318.SH,中国平安,2018-01-26,75.29,75.3,76.85,75.21,76.1,112554650,8558720967,0.81,1.0758,76.0406,
601318.SH,中国平安,2018-01-29,76.1,76.66,76.7,72.89,73.36,151784351,11341796885,-2.74,-3.6005,74.7231,
601318.SH,中国平安,2018-01-30,73.36,72.9,74.36,72.8,73.38,86781693,6389286977,0.02,0.0273,73.6248,
601318.SH,中国平安,2018-01-31,73.38,72.65,75.15,72.52,75.08,93472629,6959739461,1.7,2.3167,74.4575,
601318.SH,中国平安,2018-02-01,75.08,75,75.6,74.05,75.48,141576291,10624480475,0.4,0.5328,75.0442,
601318.SH,中国平安,2018-02-02,75.48,74.87,76.38,74.13,76.01,100758337,7592895872,0.53,0.7022,75.3575,
601318.SH,中国平安,2018-02-05,76.01,74.4,75.95,74.3,75.71,94805442,7124096934,-0.3,-0.3947,75.1444,
601318.SH,中国平安,2018-02-06,75.71,73.85,74.7,72.5,73.77,204966683,15035748671,-1.94,-2.5624,73.357,
601318.SH,中国平安,2018-02-07,73.77,74.6,74.65,70.5,71.38,174784083,12632931016,-2.39,-3.2398,72.2774,
601318.SH,中国平安,2018-02-08,71.38,70.61,71.5,68.37,68.99,153010890,10664335041,-2.39,-3.3483,69.6966,
601318.SH,中国平安,2018-02-09,68.99,66.5,66.97,62.2,64.43,249202978,16087878594,-4.56,-6.6097,64.5573,
601318.SH,中国平安,2018-02-12,64.43,64.66,65.65,64,64.96,102961177,6677189824,0.53,0.8226,64.8515,
601318.SH,中国平安,2018-02-13,64.96,66.2,68.35,66.06,67.02,114795720,7736172612,2.06,3.1712,67.3908,
601318.SH,中国平安,2018-02-14,67.02,67.5,69.19,67.2,68.89,64650188,4399687785,1.87,2.7902,68.0538,
601318.SH,中国平安,2018-02-22,68.89,70.23,70.42,69.23,69.77,78364999,5477772497,0.88,1.2774,69.9008,
601318.SH,中国平安,2018-02-23,69.77,70.25,71.46,69.83,70.64,55601107,3929000289,0.87,1.247,70.6641,
601318.SH,中国平安,2018-02-26,70.64,70.99,71.58,69.6,70.8,69384092,4900094210,0.16,0.2265,70.6227,
601318.SH,中国平安,2018-02-27,70.8,71.02,71.19,69.47,69.81,78099482,5485814912,-0.99,-1.3983,70.2414,
601318.SH,中国平安,2018-02-28,69.81,69.2,69.24,67.7,67.76,78217046,5354288636,-2.05,-2.9365,68.4542,
601318.SH,中国平安,2018-03-01,67.76,67.18,69.38,66.88,68.93,66329617,4535163832,1.17,1.7267,68.3731,
601318.SH,中国平安,2018-03-02,68.93,68,68.66,67.45,67.68,58143932,3950841316,-1.25,-1.8134,67.9493,
601318.SH,中国平安,2018-03-05,67.68,67.66,68.59,67,67.88,60982380,4123448692,0.2,0.2955,67.6171,
601318.SH,中国平安,2018-03-06,67.88,68.4,69.39,67.4,69.32,65707723,4498428233,1.44,2.1214,68.4612,
601318.SH,中国平安,2018-03-07,69.32,68.98,70.18,68.18,68.78,59055501,4086838910,-0.54,-0.779,69.2034,
601318.SH,中国平安,2018-03-08,68.78,69.06,70.84,68.76,70.54,69268165,4847200944,1.76,2.5589,69.9773,
601318.SH,中国平安,2018-03-09,70.54,71,71.46,70.31,70.89,47622200,3371832639,0.35,0.4962,70.8038,
601318.SH,中国平安,2018-03-12,70.89,71.6,71.86,70.6,71.12,58335147,4159385529,0.23,0.3244,71.3015,
601318.SH,中国平安,2018-03-13,71.12,71.2,71.35,69.18,69.42,60949227,4270300750,-1.7,-2.3903,70.0632,
601318.SH,中国平安,2018-03-14,69.42,68.85,69.2,68.26,68.82,51476079,3538649610,-0.6,-0.8643,68.7436,
601318.SH,中国平安,2018-03-15,68.82,68.41,70.7,68.4,70.49,62711086,4389005513,1.67,2.4266,69.9877,
601318.SH,中国平安,2018-03-16,70.49,70.7,71.95,70.45,70.51,70132623,4999966474,0.02,0.0284,71.293,
601318.SH,中国平安,2018-03-19,70.51,70.89,73.88,70.48,73.81,92449982,6687346253,3.3,4.6802,72.3347,
601318.SH,中国平安,2018-03-20,73.81,73.1,74.19,72.7,74.09,65977835,4847776967,0.28,0.3794,73.4758,
601318.SH,中国平安,2018-03-21,74.09,76.7,76.71,73.03,73.82,136748593,10277152012,-0.27,-0.3644,75.1536,
601318.SH,中国平安,2018-03-22,73.82,73.51,74.17,71.68,72.88,90287752,6578006315,-0.94,-1.2734,72.856,
601318.SH,中国平安,2018-03-23,72.88,70,70.77,69.42,70.3,148695492,10435410981,-2.58,-3.5401,70.1797,
601318.SH,中国平安,2018-03-26,70.3,69.2,69.97,66.98,68.28,138098519,9441425605,-2.02,-2.8734,68.3673,
601318.SH,中国平安,2018-03-27,68.28,69.58,69.66,67.5,68.16,103992027,7111483067,-0.12,-0.1757,68.3849,
601318.SH,中国平安,2018-03-28,68.16,67,67.68,64.88,65.4,142078782,9380984826,-2.76,-4.0493,66.0266,
601318.SH,中国平安,2018-03-29,65.4,65.42,67.28,63.51,66.39,146254573,9514381379,0.99,1.5138,65.0536,
601318.SH,中国平安,2018-03-30,66.39,66.01,66.27,64.8,65.31,84202251,5499095858,-1.08,-1.6268,65.3082,
601318.SH,中国平安,2018-04-02,65.31,64.25,66.25,64.22,64.66,80555909,5242356770,-0.65,-0.9953,65.0772,
601318.SH,中国平安,2018-04-03,64.66,63.95,64.95,63.84,64.51,60407068,3885145804,-0.15,-0.232,64.3161,
601318.SH,中国平安,2018-04-04,64.51,64.9,65.58,63.98,64.55,67998953,4414551485,0.04,0.062,64.9209,
601318.SH,中国平安,2018-04-09,64.55,64.99,65.99,64.05,65.96,71614285,4679345562,1.41,2.1844,65.341,
601318.SH,中国平安,2018-04-10,65.96,65.69,68.4,65.39,68.25,90513972,6064986129,2.29,3.4718,67.0061,
601318.SH,中国平安,2018-04-11,68.25,68.3,68.57,67.48,67.67,72092432,4894354063,-0.58,-0.8498,67.89,
601318.SH,中国平安,2018-04-12,67.67,67.91,67.97,66.69,66.72,54450250,3659539916,-0.95,-1.4039,67.2089,
601318.SH,中国平安,2018-04-13,66.72,67.43,67.45,66.05,66.18,46638574,3114028929,-0.54,-0.8094,66.7694,
601318.SH,中国平安,2018-04-16,66.18,66.01,66.66,63.88,64.3,80963957,5244687540,-1.88,-2.8407,64.7781,
601318.SH,中国平安,2018-04-17,64.3,64.44,64.86,62.83,63.13,83167288,5312790696,-1.17,-1.8196,63.8808,
601318.SH,中国平安,2018-04-18,63.13,63.78,63.95,62.6,63.51,76484549,4841197668,0.38,0.6019,63.2964,
601318.SH,中国平安,2018-04-19,63.51,63.9,64.95,63.66,64.48,72647375,4680959624,0.97,1.5273,64.434,
601318.SH,中国平安,2018-04-20,64.48,64.2,64.87,63.51,64.15,60334073,3871514930,-0.33,-0.5118,64.168,
601318.SH,中国平安,2018-04-23,64.15,64.15,65.16,63.78,64.99,54446666,3516175405,0.84,1.3094,64.5802,
601318.SH,中国平安,2018-04-24,64.99,65.4,67.06,65.28,66.56,90695407,6024928823,1.57,2.4158,66.4304,
601318.SH,中国平安,2018-04-25,66.56,66.04,66.46,65.31,65.5,47782761,3141687154,-1.06,-1.5925,65.7494,
601318.SH,中国平安,2018-04-26,65.5,65.68,65.89,62.81,63.12,84155382,5364614954,-2.38,-3.6336,63.7465,
601318.SH,中国平安,2018-04-27,63.12,63.55,63.73,58.34,60.89,260286257,15747812239,-2.23,-3.533,60.5019,
601318.SH,中国平安,2018-05-02,60.89,61.36,61.79,60.75,61.34,70890842,4341690751,0.45,0.739,61.2447,
601318.SH,中国平安,2018-05-03,61.34,60.88,61.58,59.9,61.44,62912538,3831120277,0.1,0.163,60.896,
601318.SH,中国平安,2018-05-04,61.44,61.33,61.64,60.64,60.71,44158675,2694568405,-0.73,-1.1882,61.0201,
601318.SH,中国平安,2018-05-07,60.71,60.55,61.47,59.71,61.19,82944783,5035372512,0.48,0.7906,60.7075,
601318.SH,中国平安,2018-05-08,61.19,61.36,63.88,61.24,63.08,117472062,7388303870,1.89,3.0887,62.8941,
601318.SH,中国平安,2018-05-09,63.08,63.1,63.4,62.52,62.95,48443100,3048008852,-0.13,-0.2061,62.9194,
601318.SH,中国平安,2018-05-10,62.95,63.3,63.75,62.61,63.18,49817832,3143778292,0.23,0.3654,63.1055,
601318.SH,中国平安,2018-05-11,63.18,63.58,63.66,62.81,63.1,45210551,2859210137,-0.08,-0.1266,63.2421,
601318.SH,中国平安,2018-05-14,63.1,63.7,64.58,63.5,64.1,68370916,4387898493,1,1.5848,64.1779,
601318.SH,中国平安,2018-05-15,64.1,64.5,64.59,63.4,63.97,52952916,3376776321,-0.13,-0.2028,63.7694,
601318.SH,中国平安,2018-05-16,63.97,63.68,63.92,62.63,62.81,55951439,3539081154,-1.16,-1.8134,63.2527,
601318.SH,中国平安,2018-05-17,62.81,63.09,63.19,61.94,62,47778223,2981258093,-0.81,-1.2896,62.3978,
601318.SH,中国平安,2018-05-18,62,61.88,63.12,61.59,63.04,56625326,3532704058,1.04,1.6774,62.3874,
601318.SH,中国平安,2018-05-21,63.04,63.55,64.15,63.27,63.66,70506571,4492367179,0.62,0.9835,63.7156,
601318.SH,中国平安,2018-05-22,63.66,63.58,63.84,62.5,63.01,43769214,2757950408,-0.65,-1.021,63.0112,
601318.SH,中国平安,2018-05-23,63.01,62.95,62.95,61.67,61.76,56915452,3531232659,-1.25,-1.9838,62.0435,
601318.SH,中国平安,2018-05-24,61.76,61.96,62.27,61.16,61.22,44151327,2725820768,-0.54,-0.8744,61.7381,
601318.SH,中国平安,2018-05-25,61.22,61.38,62.18,61.34,61.53,35392969,2183913985,0.31,0.5064,61.7047,
601318.SH,中国平安,2018-05-28,61.53,61.8,62.88,61.55,62.5,45894875,2861428758,0.97,1.5765,62.3475,
601318.SH,中国平安,2018-05-29,62.5,62.32,62.66,61.3,62.38,63647446,3944873803,-0.12,-0.192,61.9801,
601318.SH,中国平安,2018-05-30,62.38,61.31,61.7,60.58,60.65,49083664,2998177225,-1.73,-2.7733,61.083,
601318.SH,中国平安,2018-05-31,60.65,61.11,62.18,60.71,62.13,66538831,4096852001,1.48,2.4402,61.5708,
601318.SH,中国平安,2018-06-01,62.13,61.91,62.19,61.28,61.64,40800764,2516195954,-0.49,-0.7887,61.6703,
601318.SH,中国平安,2018-06-04,61.64,62.1,63.71,61.9,63.53,85889740,5418564799,1.89,3.0662,63.0875,
601318.SH,中国平安,2018-06-05,63.53,63.59,65,63.21,64.58,88517255,5683935967,1.05,1.6528,64.2127,
601318.SH,中国平安,2018-06-06,64.58,64.43,64.45,63.71,63.81,49022028,3140622782,-0.77,-1.1923,64.0655,
601318.SH,中国平安,2018-06-07,63.81,63.27,64.54,63.02,63.24,74626679,4763077383,-0.57,1.0062,63.8254,
601318.SH,中国平安,2018-06-08,63.24,62.97,63.24,61.95,62.39,57939137,3617103478,-0.85,-1.3441,62.4294,
601318.SH,中国平安,2018-06-11,62.39,62.25,63.2,61.85,63.03,51280313,3204236377,0.64,1.0258,62.4847,
601318.SH,中国平安,2018-06-12,63.03,63.2,64.25,62.82,63.9,76355925,4866437060,0.87,1.3803,63.7336,
601318.SH,中国平安,2018-06-13,63.9,63.8,63.91,63.35,63.75,45905326,2922589416,-0.15,-0.2347,63.6656,
601318.SH,中国平安,2018-06-14,63.75,63.58,65.35,63.45,64.44,79848471,5164445267,0.69,1.0824,64.6781,
601318.SH,中国平安,2018-06-15,64.44,64.1,65.16,64.02,64.63,66658272,4315505697,0.19,0.2948,64.7407,
601318.SH,中国平安,2018-06-19,64.63,63.8,64.2,61.8,62.09,127826360,8087342652,-2.54,-3.9301,63.2682,
601318.SH,中国平安,2018-06-20,62.09,61.9,62.54,60.78,61.85,74319522,4589333023,-0.24,-0.3865,61.7514,
601318.SH,中国平安,2018-06-21,61.85,61.86,62.56,61,61.09,60549396,3743256874,-0.76,-1.2288,61.8215,
601318.SH,中国平安,2018-06-22,61.09,60.6,61.5,60.6,61.07,46537639,2837582693,-0.02,-0.0327,60.9739,
601318.SH,中国平安,2018-06-25,61.07,61.28,61.35,59.6,59.79,60749672,3673033330,-1.28,-2.096,60.4618,
601318.SH,中国平安,2018-06-26,59.79,59.1,59.61,57.8,59.24,71792764,4222114929,-0.55,-0.9199,58.8098,
601318.SH,中国平安,2018-06-27,59.24,59.1,59.45,57.44,57.5,69708410,4051818403,-1.74,-2.9372,58.1252,
601318.SH,中国平安,2018-06-28,57.5,57.11,57.95,56.53,56.83,73599124,4196752214,-0.67,-1.1652,57.0218,
601318.SH,中国平安,2018-06-29,56.83,57.12,58.63,57.1,58.58,64511204,3729377800,1.75,3.0794,57.8098,
601318.SH,中国平安,2018-07-02,58.58,58.28,58.28,54.65,55.22,90018916,5082587156,-3.36,-5.7357,56.4613,
601318.SH,中国平安,2018-07-03,55.22,55.6,56.56,54.33,56.34,94916701,5276896813,1.12,2.0283,55.595,
601318.SH,中国平安,2018-07-04,56.34,56.23,56.88,55.37,55.52,51949368,2909529851,-0.82,-1.4554,56.007,
601318.SH,中国平安,2018-07-05,55.52,55.7,56.27,55.18,55.53,54843432,3054478672,0.01,0.018,55.6945,
601318.SH,中国平安,2018-07-06,55.53,55.98,57.65,55.54,56.94,82431119,4674671786,1.41,2.5392,56.71,
601318.SH,中国平安,2018-07-09,56.94,57.6,58.91,57.2,58.88,69604304,4054246964,1.94,3.4071,58.2471,
601318.SH,中国平安,2018-07-10,58.88,59,59.05,57.55,58.18,55562743,3233279752,-0.7,-1.1889,58.1915,
601318.SH,中国平安,2018-07-11,58.18,56.75,57.51,56.56,57.09,47378185,2701645194,-1.09,-1.8735,57.023,
601318.SH,中国平安,2018-07-12,57.09,57.24,58.89,57.24,58.38,64770763,3777942008,1.29,2.2596,58.3279,
601318.SH,中国平安,2018-07-13,58.38,58.77,58.92,58.28,58.54,39378546,2307228865,0.16,0.2741,58.591,
601318.SH,中国平安,2018-07-16,58.54,58.3,58.78,57.38,57.72,43194208,2494024299,-0.82,-1.4008,57.7398,
601318.SH,中国平安,2018-07-17,57.72,57.9,58.26,57.42,58.02,37994302,2195501138,0.3,0.5198,57.785,
601318.SH,中国平安,2018-07-18,58.02,58.28,59.11,57.75,57.81,46448505,2717273919,-0.21,-0.3619,58.5008,
601318.SH,中国平安,2018-07-19,57.81,58.36,59.3,58.35,58.71,70369903,4143173505,0.9,1.5568,58.8771,
601318.SH,中国平安,2018-07-20,58.71,58.6,61.61,58.23,60.84,106935078,6433573521,2.13,3.628,60.1634,
601318.SH,中国平安,2018-07-23,60.84,60.35,61.6,60.25,61.08,80457337,4898411219,0.24,0.3945,60.8821,
601318.SH,中国平安,2018-07-24,61.08,61.06,63,61.03,61.74,83684707,5207884860,0.66,1.0806,62.2322,
601318.SH,中国平安,2018-07-25,61.74,62.23,62.24,61.4,62.16,40900624,2529701219,0.42,0.6803,61.8499,
601318.SH,中国平安,2018-07-26,62.16,62.28,62.48,60.68,60.8,48259331,2960086715,-1.36,-2.1879,61.3371,
601318.SH,中国平安,2018-07-27,60.8,60.98,61.33,60.57,60.87,33417159,2037644574,0.07,0.1151,60.976,
601318.SH,中国平安,2018-07-30,60.87,60.9,61.92,60.75,61.56,37637018,2303730924,0.69,1.1336,61.2092,
601318.SH,中国平安,2018-07-31,61.56,61.6,61.89,60.82,61.6,26069859,1600697232,0.04,0.065,61.4003,
601318.SH,中国平安,2018-08-01,61.6,61.8,62.41,59.62,59.7,56343432,3440050571,-1.9,-3.0844,61.055,
601318.SH,中国平安,2018-08-02,59.7,59.41,59.49,57.8,58.26,64680428,3782255927,-1.44,-2.4121,58.476,
601318.SH,中国平安,2018-08-03,58.26,58.43,58.76,57.78,57.82,36208330,2109021439,-0.44,-0.7552,58.2469,
601318.SH,中国平安,2018-08-06,57.82,57.81,58.86,57.36,57.83,41978566,2438442832,0.01,0.0173,58.0878,
601318.SH,中国平安,2018-08-07,57.83,58.11,59.6,57.96,59.56,56186121,3306492624,1.73,2.9915,58.8489,
601318.SH,中国平安,2018-08-08,59.56,59.55,59.7,58.19,58.38,41210911,2426952929,-1.18,-1.9812,58.891,
601318.SH,中国平安,2018-08-09,58.38,58.38,60.99,58.18,60.62,63543307,3820214646,2.24,3.8369,60.1199,
601318.SH,中国平安,2018-08-10,60.62,60.56,60.96,59.83,60.44,34904151,2108590693,-0.18,-0.2969,60.4109,
601318.SH,中国平安,2018-08-13,60.44,59.8,59.85,58.66,59.55,45464948,2692879775,-0.89,-1.4725,59.2298,
601318.SH,中国平安,2018-08-14,59.55,59.56,59.72,58.58,59.05,30874067,1824184784,-0.5,-0.8396,59.0847,
601318.SH,中国平安,2018-08-15,59.05,59.03,59.05,56.67,57.03,61374792,3531927672,-2.02,-3.4208,57.5469,
601318.SH,中国平安,2018-08-16,57.03,56.38,57.95,55.88,56.98,47507498,2710351662,-0.05,-0.0877,57.051,
601318.SH,中国平安,2018-08-17,56.98,57.7,57.82,56.46,56.58,35136005,2009697401,-0.4,-0.702,57.1977,
601318.SH,中国平安,2018-08-20,56.58,56.94,57.82,56.76,57.81,46214266,2653996237,1.23,2.1739,57.4281,
601318.SH,中国平安,2018-08-21,57.81,57.86,59.65,57.86,59.42,63665064,3768112543,1.61,2.785,59.1865,
601318.SH,中国平安,2018-08-22,59.42,61.28,61.5,60.37,60.93,104185714,6355540682,1.51,2.5412,61.002,
601318.SH,中国平安,2018-08-23,60.93,61.01,62.38,61.01,62.13,75611130,4682981908,1.2,1.9695,61.9351,
601318.SH,中国平安,2018-08-24,62.13,61.7,63.33,61.5,62.47,57263151,3574475333,0.34,0.5472,62.4219,
601318.SH,中国平安,2018-08-27,62.47,63.08,63.68,62.72,63.47,58579343,3706028568,1,1.6008,63.2651,
601318.SH,中国平安,2018-08-28,63.47,63.8,63.84,62.6,62.9,42494421,2683512093,-0.57,-0.8981,63.1498,
601318.SH,中国平安,2018-08-29,62.9,62.68,63.3,62.65,63.01,27892679,1757300920,0.11,0.1749,63.0022,
601318.SH,中国平安,2018-08-30,63.01,63.5,64.05,63.02,63.16,45849633,2916938041,0.15,0.2381,63.6197,
601318.SH,中国平安,2018-08-31,63.16,62.4,63.43,62.2,62.98,52111400,3273908661,-0.18,-0.285,62.8252,
601318.SH,中国平安,2018-09-03,62.98,62.6,63,62.11,62.73,32379059,2027395425,-0.25,-0.397,62.6144,
601318.SH,中国平安,2018-09-04,62.73,62.85,64.93,62.54,64.8,65837878,4208358192,2.07,3.2999,63.92,
601318.SH,中国平安,2018-09-05,64.8,64.41,64.64,62.8,62.8,50743718,3235414305,-2,-3.0864,63.7599,
601318.SH,中国平安,2018-09-06,62.8,62.1,62.52,61.01,61.32,45742629,2827435706,-1.48,-1.3831,61.8118,
601318.SH,中国平安,2018-09-07,61.32,61.88,63.5,61.6,62.78,49471165,3105514558,1.46,2.381,62.7742,
601318.SH,中国平安,2018-09-10,62.78,62.6,62.87,61.6,62.03,32339001,2008532822,-0.75,-1.1946,62.1087,
601318.SH,中国平安,2018-09-11,62.03,62,62.58,61.25,61.68,34707057,2147831325,-0.35,-0.5642,61.8846,
601318.SH,中国平安,2018-09-12,61.68,61.31,61.46,60.28,60.6,43546028,2644081431,-1.08,-1.751,60.7192,
601318.SH,中国平安,2018-09-13,60.6,61.78,62.4,61.01,62.4,53884697,3328513240,1.8,2.9703,61.771,
601318.SH,中国平安,2018-09-14,62.4,62.57,63.76,62.42,63.3,55837041,3529776705,0.9,1.4423,63.2157,
601318.SH,中国平安,2018-09-17,63.3,62.3,63.18,62.25,62.51,26959587,1686602295,-0.79,-1.248,62.5604,
601318.SH,中国平安,2018-09-18,62.51,62.15,64.3,62.1,64.12,63556933,4033820471,1.61,2.5756,63.4678,
601318.SH,中国平安,2018-09-19,64.12,64.09,65.8,63.81,65.15,83470507,5411874454,1.03,1.6064,64.8358,
601318.SH,中国平安,2018-09-20,65.15,65.2,65.56,64.61,64.8,41892378,2721332741,-0.35,-0.5372,64.9601,
601318.SH,中国平安,2018-09-21,64.8,65.28,67.5,64.97,67.49,81043109,5386807332,2.69,4.1512,66.4684,
601318.SH,中国平安,2018-09-25,67.49,66.9,67.73,66.48,67.19,57810389,3878568209,-0.3,-0.4445,67.0912,
601318.SH,中国平安,2018-09-26,67.19,67.23,69,66.83,67.96,90852551,6186718195,0.77,1.146,68.0963,
601318.SH,中国平安,2018-09-27,67.96,67.73,67.75,66.86,67.2,62357433,4190581061,-0.76,-1.1183,67.2026,
601318.SH,中国平安,2018-09-28,67.2,67.5,69.1,67.44,68.5,73952387,5052835863,1.3,1.9345,68.3255,
601318.SH,中国平安,2018-10-08,68.5,66.8,66.84,64.71,64.78,112844471,7402497487,-3.72,-5.4307,65.5991,
601318.SH,中国平安,2018-10-09,64.78,64.63,65.38,64.33,65,48631908,3155728031,0.22,0.3396,64.8901,
601318.SH,中国平安,2018-10-10,65,65.09,65.58,64.2,64.65,58279902,3780647727,-0.35,-0.5385,64.8705,
601318.SH,中国平安,2018-10-11,64.65,62.1,63.2,61.38,61.85,114532745,7141404125,-2.8,-4.331,62.3525,
601318.SH,中国平安,2018-10-12,61.85,62.5,64.25,62.3,63.87,77461671,4901391148,2.02,3.266,63.2751,
601318.SH,中国平安,2018-10-15,63.87,63.9,64.44,63.09,63.2,53974326,3437483874,-0.67,-1.049,63.6874,
601318.SH,中国平安,2018-10-16,63.2,63.35,65.18,63.33,64,58403499,3761333740,0.8,1.2658,64.4025,
601318.SH,中国平安,2018-10-17,64,65.17,65.32,62.41,64.16,76140192,4861851849,0.16,0.25,63.8539,
601318.SH,中国平安,2018-10-18,64.16,63.49,63.52,62.25,62.45,60301984,3788520129,-1.71,-2.6652,62.8258,
601318.SH,中国平安,2018-10-19,62.45,61.99,66.1,61.88,65.62,113881516,7314843218,3.17,5.0761,64.232,
601318.SH,中国平安,2018-10-22,65.62,66.01,69.42,65.62,67.93,161688174,10961620260,2.31,3.5203,67.7948,
601318.SH,中国平安,2018-10-23,67.93,68,68.32,64.88,65.51,117213446,7814653832,-2.42,-3.5625,66.6703,
601318.SH,中国平安,2018-10-24,65.51,65.78,67.85,65.56,66.25,81063205,5398315014,0.74,1.1296,66.5939,
601318.SH,中国平安,2018-10-25,66.25,64.2,66.66,64.2,66.66,73620253,4816111122,0.41,0.6189,65.4183,
601318.SH,中国平安,2018-10-26,66.66,66.3,66.77,64.38,65.54,79741104,5212551961,-1.12,-1.6802,65.3684,
601318.SH,中国平安,2018-10-29,65.54,65.87,65.99,61.9,62,121641942,7666491234,-3.54,-5.4013,63.0251,
601318.SH,中国平安,2018-10-30,62,60,64.63,59.5,62.8,126920829,7969650420,0.8,1.2903,62.7923,
601318.SH,中国平安,2018-10-31,62.8,63.01,63.95,62.16,63.63,78283525,4948893033,0.83,1.3217,63.2176,
601318.SH,中国平安,2018-11-01,63.63,64.22,65.5,64.08,64.3,68987109,4463737106,0.67,1.053,64.7039,
601318.SH,中国平安,2018-11-02,64.3,66.92,67.35,65.55,67.35,117394937,7821171766,3.05,4.7434,66.6227,
601318.SH,中国平安,2018-11-05,67.35,66.5,67.05,65.7,66.58,54713186,3634382539,-0.77,-1.1433,66.4261,
601318.SH,中国平安,2018-11-06,66.58,66.2,66.8,65.8,66.8,38508185,2553280683,0.22,0.3304,66.3049,
601318.SH,中国平安,2018-11-07,66.8,66.89,67.34,65.9,66.12,51065843,3393066441,-0.68,-1.018,66.4449,
601318.SH,中国平安,2018-11-08,66.12,66.93,67.17,66,66.3,50494617,3364558944,0.18,0.2722,66.632,
601318.SH,中国平安,2018-11-09,66.3,65.75,65.98,64.38,64.62,54468970,3544347557,-1.68,-2.5339,65.0709,
601318.SH,中国平安,2018-11-12,64.62,64.4,65.14,63.75,64.66,45851164,2956910272,0.04,0.0619,64.4893,
